area_sqm,rooms,bathrooms,floor,property_age,latitude,longitude,district,price
330.8,8,5,7,8,30.051999,31.209185,Mohandeseen,7712000
67.0,3,2,6,0,29.979766,31.268524,Maadi,1348000
238.4,6,5,10,0,30.079475,31.214655,Zamalek,12336000
234.8,6,5,5,14,30.005116,31.406505,New Cairo,3334000
380.3,8,5,9,0,30.006927,31.424103,New Cairo,9747000
71.7,3,2,18,16,30.089351,31.345602,Heliopolis,1574000
253.0,5,4,12,42,30.077897,31.221958,Zamalek,5549000
243.5,6,5,13,2,30.076044,31.211491,Zamalek,10125000
204.0,5,4,11,3,30.064227,31.215804,Mohandeseen,5925000
99.4,3,2,12,6,30.061271,31.21622,Zamalek,4208000
286.4,7,5,3,9,30.083588,31.351397,Heliopolis,5822000
147.1,3,3,15,1,30.058787,31.204034,Mohandeseen,4686000
276.4,7,5,4,35,30.087479,31.342311,Heliopolis,2871000
263.6,7,5,2,14,30.088869,31.333165,Heliopolis,5013000
333.2,8,5,11,5,30.003663,31.43563,New Cairo,7105000
205.2,6,5,3,0,29.965322,31.262522,Maadi,4958000
295.4,7,5,15,2,29.986563,30.964648,Sheikh Zayed,6858000
387.2,8,5,3,5,30.065697,31.210738,Zamalek,16970000
392.0,8,5,5,6,30.052687,31.243614,Downtown,8929000
142.3,4,4,17,19,30.061033,31.345292,Nasr City,2119000
195.6,6,5,1,2,30.065246,31.347833,Nasr City,2648000
65.6,2,2,7,2,30.020728,31.438674,New Cairo,1200000
344.8,8,5,18,38,30.077547,31.215159,Zamalek,12004000
235.7,5,5,16,50,30.051166,31.247653,Downtown,4755000
175.3,4,3,16,34,30.067742,31.215598,Mohandeseen,2338000
327.0,8,5,3,6,30.108204,31.35921,Heliopolis,7165000
114.7,3,2,3,15,30.064485,31.224244,Zamalek,3151000
184.6,5,5,17,5,30.016276,31.450881,New Cairo,3412000
150.2,3,2,6,7,30.076761,31.345246,Nasr City,1900000
287.4,8,5,16,4,30.000729,31.464547,New Cairo,8167000
398.1,8,5,6,6,30.040309,31.248566,Downtown,13936000
393.3,8,5,1,5,29.955085,31.266704,Maadi,8607000
347.0,8,5,18,14,30.069801,31.202802,Mohandeseen,10923000
348.5,8,5,16,12,30.04593,31.238396,Downtown,12335000
354.8,8,5,7,10,30.075966,31.222999,Zamalek,17434000
361.4,8,5,2,8,30.020161,31.432815,New Cairo,6954000
244.5,6,5,17,0,30.076452,31.217204,Zamalek,13867000
152.3,5,5,4,27,29.985831,30.952908,Sheikh Zayed,1568000
276.7,7,5,18,10,29.959689,31.273856,Maadi,6813000
145.3,3,2,9,17,30.051164,31.218304,Mohandeseen,2145000
145.1,4,3,8,40,30.062765,31.210334,Mohandeseen,1676000
202.7,5,4,19,21,29.980432,30.929286,Sheikh Zayed,4340000
92.0,2,1,5,9,29.982935,30.959329,Sheikh Zayed,1183000
280.9,6,5,5,32,30.057827,31.320612,Nasr City,2285000
231.1,6,5,13,2,29.952117,31.269273,Maadi,6152000
332.3,8,5,1,9,29.966369,31.278244,Maadi,6543000
338.9,8,5,12,4,29.956438,31.261318,Maadi,9366000
84.2,2,1,10,0,30.066289,31.205637,Mohandeseen,1917000
295.6,7,5,4,8,30.029027,31.454797,New Cairo,6328000
396.8,8,5,17,22,29.960224,31.277923,Maadi,6461000
141.1,4,4,3,1,30.007077,30.96042,Sheikh Zayed,2430000
94.0,1,1,9,28,29.960647,31.278704,Maadi,1225000
383.2,8,5,16,8,30.055864,31.206573,Mohandeseen,13182000
325.6,7,5,10,54,30.069919,31.201117,Mohandeseen,5348000
361.8,8,5,15,2,29.972845,31.268547,Maadi,10121000
363.2,8,5,5,3,30.071626,31.227263,Zamalek,17785000
336.4,8,5,13,20,30.061288,31.32334,Nasr City,4801000
144.6,3,2,3,4,29.962156,31.267144,Maadi,3205000
100.4,2,2,7,20,30.017501,31.496217,New Cairo,993000
239.6,6,5,12,57,30.09668,31.339681,Heliopolis,2723000
239.4,7,5,4,12,30.109079,31.345693,Heliopolis,5290000
398.6,8,5,16,20,30.068305,31.219174,Mohandeseen,10678000
362.7,8,5,8,2,30.099405,31.341648,Heliopolis,8200000
391.3,8,5,17,4,29.992336,30.968223,Sheikh Zayed,9175000
115.3,4,4,6,44,30.101772,31.348402,Heliopolis,1309000
247.5,6,5,1,22,30.069607,31.229706,Zamalek,6991000
262.0,6,5,17,27,29.964061,31.262445,Maadi,4453000
295.2,7,5,6,36,30.067554,31.349045,Nasr City,2463000
348.9,8,5,9,2,30.079081,31.222123,Zamalek,19722000
75.9,1,1,2,9,30.104941,31.339233,Heliopolis,954000
247.6,6,5,17,2,30.040576,31.245103,Downtown,11380000
367.1,8,5,6,14,29.969099,31.266644,Maadi,8401000
367.4,8,5,1,22,29.961896,31.268663,Maadi,4674000
75.6,2,1,13,3,30.097389,31.340247,Heliopolis,1536000
103.8,2,2,11,2,30.062817,31.203638,Mohandeseen,2677000
235.2,7,5,19,0,29.955068,31.258358,Maadi,7048000
70.8,2,2,9,6,30.006827,30.9303,Sheikh Zayed,1039000
331.8,8,5,11,38,30.061222,31.215538,Zamalek,7927000
88.7,2,1,15,11,30.058481,31.234722,Downtown,2463000
314.1,7,5,19,18,30.077904,31.220234,Zamalek,16497000
70.4,2,1,3,7,30.052097,31.214748,Mohandeseen,1377000
131.9,3,2,17,6,30.049479,31.237102,Downtown,3568000
229.5,5,5,2,12,30.051731,31.241289,Downtown,4598000
279.6,7,5,13,6,30.028011,31.400753,New Cairo,5192000
112.0,2,1,11,1,30.004176,30.924452,Sheikh Zayed,2360000
337.8,8,5,6,16,30.068588,31.211135,Mohandeseen,7606000
222.1,6,5,6,51,30.101329,31.335985,Heliopolis,2603000
267.6,6,5,11,40,30.046413,31.241878,Downtown,5901000
174.4,4,4,10,69,30.059671,31.352395,Nasr City,1520000
99.7,2,1,3,6,30.058591,31.246612,Downtown,2078000
198.9,6,5,9,3,30.011377,31.492645,New Cairo,4315000
128.6,3,3,5,25,29.999956,30.961845,Sheikh Zayed,1574000
167.5,4,3,8,9,30.021413,31.489967,New Cairo,3009000
230.9,5,5,15,7,30.060871,31.218129,Mohandeseen,7817000
244.6,6,5,7,19,29.970812,31.255002,Maadi,4300000
363.9,8,5,1,18,30.073357,31.325725,Nasr City,4762000
253.8,7,5,10,6,30.024638,31.411063,New Cairo,5999000
225.4,5,5,2,0,29.997953,30.965241,Sheikh Zayed,4083000
145.6,3,3,10,6,30.064547,31.218472,Zamalek,6414000
259.3,6,5,1,0,30.077442,31.228642,Zamalek,9107000
372.4,8,5,8,15,30.023137,31.437444,New Cairo,6037000
102.4,3,3,19,13,30.01197,31.405476,New Cairo,1685000
129.9,4,3,9,1,30.04829,31.24727,Downtown,4119000
310.8,8,5,12,36,29.957447,31.267329,Maadi,4946000
202.4,6,5,11,15,30.000393,31.466354,New Cairo,3333000
241.9,5,5,1,5,30.01192,31.442679,New Cairo,3414000
365.3,8,5,17,0,30.094162,31.346945,Heliopolis,12621000
223.6,6,5,4,3,30.025854,31.494612,New Cairo,2826000
152.6,5,4,1,0,30.084685,31.351479,Heliopolis,3010000
146.3,3,3,8,1,30.065998,31.203571,Mohandeseen,3523000
249.3,7,5,14,13,30.056137,31.249253,Downtown,6396000
64.4,1,1,19,1,30.077529,31.222859,Zamalek,2596000
363.5,8,5,11,4,30.067594,31.221806,Zamalek,20689000
323.1,8,5,12,3,30.079236,31.35119,Nasr City,4957000
355.3,8,5,17,9,30.050249,31.244834,Downtown,12109000
107.4,3,2,13,17,30.053664,31.246452,Downtown,3161000
100.0,3,2,2,12,30.099543,31.354892,Heliopolis,1569000
275.3,7,5,13,27,30.012131,31.477091,New Cairo,4326000
76.0,1,1,1,1,30.068095,31.329814,Nasr City,711000
371.3,8,5,3,44,30.091899,31.358623,Heliopolis,3932000
309.1,7,5,15,4,30.067852,31.322057,Nasr City,7406000
271.9,7,5,9,6,30.068256,31.224099,Zamalek,12626000
207.8,5,5,18,24,30.100841,31.338164,Heliopolis,2788000
334.5,8,5,10,17,30.015639,31.408671,New Cairo,6632000
356.8,8,5,17,16,30.100768,31.355476,Heliopolis,7963000
295.7,6,5,15,0,30.061765,31.219987,Mohandeseen,7387000
253.1,7,5,15,17,30.065947,31.228488,Zamalek,12177000
214.7,5,5,17,15,30.057294,31.211214,Mohandeseen,5079000
86.2,3,2,12,12,30.004119,30.963072,Sheikh Zayed,1690000
361.2,8,5,2,0,30.057402,31.230425,Downtown,13433000
123.1,3,2,3,1,30.05019,31.201054,Mohandeseen,3540000
394.6,8,5,7,11,30.021968,31.400335,New Cairo,6753000
180.6,4,3,18,3,29.981263,30.92143,Sheikh Zayed,4111000
193.2,4,4,5,23,30.041788,31.238352,Downtown,3936000
360.6,8,5,13,67,30.102301,31.33195,Heliopolis,5706000
266.6,7,5,11,2,30.056615,31.327458,Nasr City,4544000
340.9,8,5,15,3,29.965548,31.267918,Maadi,7884000
317.8,8,5,3,25,29.956733,31.256715,Maadi,5032000
71.9,3,3,2,9,30.057823,31.205459,Mohandeseen,1260000
353.1,8,5,5,19,30.065628,31.215053,Zamalek,12589000
148.3,4,3,18,1,30.056605,31.34733,Nasr City,1527000
368.2,8,5,2,11,30.005935,30.978713,Sheikh Zayed,5956000
331.1,8,5,16,18,30.10511,31.350924,Heliopolis,7904000
124.3,4,4,19,31,30.050154,31.352798,Nasr City,1434000
312.8,7,5,2,26,29.995224,30.920511,Sheikh Zayed,4358000
250.3,5,4,13,22,30.04214,31.245221,Downtown,4989000
207.0,6,5,15,40,30.06205,31.228745,Zamalek,5348000
116.6,3,3,10,9,29.951738,31.252241,Maadi,2341000
356.3,8,5,12,20,30.062602,31.225165,Zamalek,13850000
145.9,3,2,14,9,29.978329,31.253066,Maadi,2307000
115.6,3,3,11,3,30.041648,31.24361,Downtown,2992000
387.5,8,5,15,8,30.052771,31.237952,Downtown,15916000
210.4,5,4,6,3,30.044262,31.230623,Downtown,5498000
220.3,6,5,14,3,30.051823,31.203073,Mohandeseen,7583000
347.2,8,5,12,0,29.977625,31.2685,Maadi,9966000
263.4,7,5,4,12,30.056766,31.326433,Nasr City,4104000
257.9,6,5,8,5,30.063657,31.320465,Nasr City,3902000
391.4,8,5,13,21,30.078579,31.356313,Nasr City,4835000
223.4,5,5,12,64,29.954275,31.264967,Maadi,3384000
323.8,8,5,2,11,30.077651,31.21165,Zamalek,14141000
86.7,2,1,6,12,30.000684,30.984047,Sheikh Zayed,1199000
383.5,8,5,6,13,30.052332,31.242259,Downtown,10637000
301.1,8,5,15,25,30.041602,31.247896,Downtown,9208000
223.5,5,4,10,8,30.074497,31.221866,Zamalek,9725000
114.2,4,3,19,55,30.010107,31.418212,New Cairo,1397000
115.0,2,2,5,84,29.979244,31.26951,Maadi,1293000
197.1,4,3,15,4,30.069252,31.227365,Zamalek,10311000
273.8,7,5,18,30,30.01736,31.443862,New Cairo,4242000
194.5,5,5,2,23,29.99965,30.999371,Sheikh Zayed,2178000
271.8,7,5,1,2,29.971475,31.277271,Maadi,5061000
275.1,7,5,5,28,30.059846,31.204945,Mohandeseen,4305000
257.0,7,5,6,15,30.089364,31.341971,Heliopolis,5345000
283.3,7,5,12,2,29.979095,31.263614,Maadi,7738000
287.6,6,5,8,14,30.074136,31.213341,Zamalek,9365000
189.0,5,5,5,11,30.023454,31.470539,New Cairo,3388000
130.0,2,1,14,0,30.065935,31.357464,Nasr City,1958000
277.6,6,5,5,1,29.99754,30.975057,Sheikh Zayed,5442000
61.7,2,1,7,9,29.965468,31.264665,Maadi,773000
241.0,5,4,13,2,30.028195,31.47329,New Cairo,4841000
288.7,7,5,15,2,30.063853,31.216762,Mohandeseen,8635000
187.3,4,3,17,26,30.077292,31.22537,Zamalek,6035000
290.0,7,5,14,7,30.019537,31.410659,New Cairo,6035000
114.2,3,3,9,30,30.0298,31.475243,New Cairo,1131000
358.7,8,5,4,16,29.974235,31.272869,Maadi,6470000
167.8,5,5,7,0,30.046492,31.237329,Downtown,6552000
246.5,6,5,17,8,30.00044,31.458706,New Cairo,4700000
287.2,7,5,9,7,30.1059,31.345572,Heliopolis,6094000
97.0,2,1,5,4,30.069534,31.217887,Zamalek,3502000
336.4,8,5,11,0,30.053916,31.200151,Mohandeseen,11642000
282.6,7,5,13,6,30.042028,31.239717,Downtown,10468000
237.8,6,5,15,11,30.097428,31.332689,Heliopolis,4813000
200.6,4,4,7,17,29.985443,30.962013,Sheikh Zayed,3559000
160.4,5,5,10,37,30.058491,31.201741,Mohandeseen,2091000
275.3,8,5,9,23,29.999398,30.933982,Sheikh Zayed,5038000
345.6,8,5,17,4,30.055611,31.235496,Downtown,13647000
335.2,8,5,1,8,30.06306,31.214705,Zamalek,15740000
353.4,8,5,16,5,30.006907,31.420619,New Cairo,7075000
262.1,7,5,3,13,30.000275,30.955417,Sheikh Zayed,4877000
304.0,8,5,14,1,30.00173,30.966271,Sheikh Zayed,7610000
279.4,7,5,8,6,30.090307,31.348515,Heliopolis,6114000
236.5,5,5,12,3,29.9962,30.990406,Sheikh Zayed,5439000
215.3,5,4,12,16,29.996734,30.978452,Sheikh Zayed,4682000
173.4,4,3,4,48,30.069049,31.350194,Nasr City,1188000
213.1,6,5,16,16,30.073863,31.357087,Nasr City,2639000
100.7,3,2,5,20,30.003058,30.939493,Sheikh Zayed,1201000
90.3,3,3,16,10,30.054779,31.322524,Nasr City,1318000
163.1,4,3,9,1,30.028109,31.45538,New Cairo,2810000
380.4,8,5,3,23,30.061492,31.211332,Mohandeseen,5548000
130.9,4,3,6,25,30.011419,31.487797,New Cairo,1560000
132.1,4,4,3,2,30.100849,31.340383,Heliopolis,2638000
254.8,7,5,1,38,30.014612,31.460625,New Cairo,2246000
384.0,8,5,2,1,29.950774,31.254055,Maadi,9790000
87.2,3,2,13,41,30.026283,31.427775,New Cairo,870000
111.7,2,2,2,9,30.051163,31.219897,Mohandeseen,1954000
270.6,6,5,19,2,29.982239,30.982616,Sheikh Zayed,6312000
81.2,2,2,8,25,30.098457,31.339188,Heliopolis,933000
282.9,8,5,5,32,30.013494,31.419462,New Cairo,2712000
120.1,3,3,2,2,30.062557,31.351614,Nasr City,1196000
318.5,7,5,5,3,29.980364,30.939296,Sheikh Zayed,6679000
150.4,4,4,4,29,29.957304,31.269551,Maadi,1943000
187.8,4,3,10,23,29.976763,31.27866,Maadi,2688000
335.0,8,5,10,39,30.045061,31.245623,Downtown,7348000
276.6,7,5,8,3,30.026682,31.445062,New Cairo,5725000
74.2,1,1,1,1,30.082138,31.330363,Heliopolis,1241000
232.9,6,5,14,71,30.009122,30.995385,Sheikh Zayed,2652000
93.5,3,2,8,4,30.060419,31.211643,Zamalek,4284000
365.6,8,5,9,7,30.006171,31.412139,New Cairo,8729000
386.3,8,5,18,5,30.042505,31.239487,Downtown,16848000
264.6,7,5,16,25,30.07313,31.212562,Zamalek,10189000
92.3,2,1,18,42,30.054814,31.20243,Mohandeseen,1224000
228.7,5,5,3,16,30.089508,31.356378,Heliopolis,3733000
316.7,8,5,14,19,30.003293,30.972493,Sheikh Zayed,4828000
168.8,5,5,13,2,29.953952,31.271779,Maadi,4000000
111.2,2,1,11,21,29.972303,31.268358,Maadi,1790000
252.1,7,5,12,15,30.072834,31.326403,Nasr City,3525000
312.2,8,5,8,3,30.057596,31.243151,Downtown,11214000
248.7,7,5,2,6,30.055676,31.241085,Downtown,6076000
346.3,8,5,5,1,29.961561,31.269301,Maadi,7614000
361.3,8,5,6,7,30.073912,31.210064,Zamalek,13462000
191.8,5,5,4,10,30.054468,31.232083,Downtown,5829000
250.9,6,5,2,13,30.072043,31.210459,Zamalek,9976000
79.9,2,1,6,3,29.974754,31.265609,Maadi,1276000
110.1,2,2,1,1,29.986618,30.967858,Sheikh Zayed,1810000
276.8,7,5,15,7,30.056796,31.237677,Downtown,10761000
383.1,8,5,10,6,30.040524,31.230484,Downtown,12735000
376.1,8,5,10,28,30.044511,31.237538,Downtown,9295000
123.3,4,3,5,18,30.098935,31.331495,Heliopolis,1791000
283.4,8,5,12,0,30.001089,31.427572,New Cairo,6031000
368.1,8,5,16,21,30.058995,31.215534,Mohandeseen,8632000
75.8,2,2,4,5,30.103156,31.332593,Heliopolis,1172000
67.4,2,1,15,32,30.057869,31.216557,Mohandeseen,971000
393.6,8,5,5,12,29.993918,30.99776,Sheikh Zayed,8496000
388.9,8,5,18,19,30.09254,31.332665,Heliopolis,8829000
99.0,3,2,11,1,30.101235,31.346306,Heliopolis,2612000
136.9,4,3,5,43,30.075499,31.346761,Nasr City,712000
314.8,7,5,8,1,29.990679,30.998245,Sheikh Zayed,6322000
327.3,8,5,4,21,29.965582,31.256146,Maadi,5421000
250.5,7,5,2,1,30.049279,31.248184,Downtown,8511000
192.8,5,5,18,1,30.048821,31.233912,Downtown,8558000
275.8,7,5,15,36,29.995991,30.932636,Sheikh Zayed,3281000
249.7,6,5,3,6,30.026916,31.416885,New Cairo,5659000
122.6,4,3,16,2,30.058806,31.212306,Mohandeseen,3529000
351.3,8,5,14,5,30.079652,31.339414,Nasr City,6775000
116.4,4,4,5,12,30.070548,31.224387,Zamalek,3743000
131.3,3,3,9,25,30.070816,31.224205,Zamalek,3429000
281.6,7,5,2,25,30.067596,31.210509,Mohandeseen,3502000
302.1,8,5,1,4,30.084259,31.340438,Heliopolis,7642000
208.1,5,5,5,24,30.056875,31.235079,Downtown,4049000
102.9,3,2,3,17,30.041393,31.233498,Downtown,2030000
84.7,1,1,4,30,30.086466,31.340811,Heliopolis,864000
71.3,1,1,14,35,29.986983,30.984592,Sheikh Zayed,765000
250.5,5,4,14,9,29.975937,31.266399,Maadi,5980000
200.3,6,5,17,0,29.972197,31.277542,Maadi,6291000
390.7,8,5,9,27,29.979454,31.26864,Maadi,6083000
163.6,5,4,19,30,30.042252,31.244074,Downtown,3180000
75.7,2,1,14,13,30.058917,31.331997,Nasr City,946000
263.6,6,5,8,31,30.059912,31.333616,Nasr City,2706000
71.8,2,1,14,29,30.095643,31.331909,Heliopolis,895000
134.9,3,3,9,36,30.020076,31.482929,New Cairo,1282000
296.1,7,5,12,9,29.984126,30.947265,Sheikh Zayed,7115000
210.7,5,5,6,13,30.021079,31.423743,New Cairo,2897000
327.5,8,5,2,4,30.064187,31.359354,Nasr City,5013000
275.6,6,5,18,6,30.094175,31.331369,Heliopolis,6600000
213.2,5,5,8,9,30.048949,31.239486,Downtown,5639000
235.6,5,4,17,3,30.040734,31.232161,Downtown,9796000
134.3,3,2,9,7,30.041742,31.242341,Downtown,3465000
240.7,7,5,9,0,30.100263,31.331346,Heliopolis,6585000
194.2,5,4,8,35,30.001421,30.968632,Sheikh Zayed,2051000
160.9,4,3,5,0,30.099092,31.331534,Heliopolis,3950000
286.2,8,5,18,1,30.071926,31.220992,Zamalek,19322000
84.1,1,1,9,42,30.053371,31.243573,Downtown,1345000
230.7,5,5,7,31,30.074479,31.212411,Zamalek,4485000
240.2,7,5,8,25,30.073898,31.22065,Zamalek,6855000
74.9,1,1,6,28,30.06385,31.208599,Mohandeseen,913000
86.4,2,1,12,24,29.974673,31.275727,Maadi,1214000
362.5,8,5,4,7,30.095774,31.34535,Heliopolis,8497000
206.4,4,3,1,6,30.004634,31.402545,New Cairo,3658000
191.2,5,5,17,1,29.975414,31.265933,Maadi,6099000
134.1,4,4,4,2,30.109161,31.336855,Heliopolis,2636000
190.6,4,3,11,7,29.984801,30.921868,Sheikh Zayed,3847000
110.0,3,2,5,27,29.961112,31.261244,Maadi,932000
341.1,8,5,15,2,30.060619,31.229415,Zamalek,16704000
244.1,5,5,13,11,30.072857,31.353346,Nasr City,2778000
301.1,7,5,14,16,30.087051,31.354921,Heliopolis,5819000
178.1,5,4,3,2,30.024503,31.420731,New Cairo,3428000
272.0,7,5,19,3,30.067903,31.210789,Zamalek,17292000
301.7,8,5,2,19,30.050668,31.247399,Downtown,7561000
79.6,2,2,14,0,30.029088,31.494911,New Cairo,1456000
393.5,8,5,6,13,30.067507,31.215716,Zamalek,17382000
266.0,7,5,18,19,30.067889,31.20912,Mohandeseen,5904000
341.4,8,5,7,46,30.006014,31.410926,New Cairo,3706000
161.5,4,4,6,4,30.040616,31.249431,Downtown,5312000
375.0,8,5,11,30,29.995817,30.970604,Sheikh Zayed,5915000
154.8,3,3,15,69,30.044013,31.249893,Downtown,2797000
160.2,3,3,4,26,30.102214,31.334286,Heliopolis,2065000
335.1,8,5,2,1,30.091973,31.351694,Heliopolis,8273000
198.6,5,4,11,6,30.05333,31.352329,Nasr City,3054000
291.8,7,5,10,4,30.094348,31.334356,Heliopolis,7505000
197.0,5,4,2,4,30.07607,31.228585,Zamalek,8523000
258.3,7,5,9,3,29.98101,30.93717,Sheikh Zayed,5686000
280.3,6,5,10,13,29.968744,31.252153,Maadi,5073000
139.8,3,3,4,2,30.02326,31.427141,New Cairo,2523000
113.9,4,3,2,19,30.055431,31.208049,Mohandeseen,2021000
300.4,7,5,8,0,30.057405,31.349636,Nasr City,5810000
376.5,8,5,19,12,30.005996,30.965745,Sheikh Zayed,6863000
387.8,8,5,1,39,30.105327,31.350275,Heliopolis,3747000
116.8,3,3,5,50,30.065221,31.219015,Mohandeseen,1178000
221.6,6,5,10,1,29.994957,30.95081,Sheikh Zayed,5668000
207.1,5,4,14,22,30.080086,31.355769,Heliopolis,3564000
349.1,8,5,6,9,30.026405,31.421574,New Cairo,5546000
316.4,7,5,8,15,30.002158,30.94525,Sheikh Zayed,4877000
219.2,6,5,11,6,30.081743,31.333345,Heliopolis,5943000
244.9,5,4,14,4,30.078221,31.226765,Zamalek,12111000
227.6,5,5,12,13,29.950298,31.263923,Maadi,4749000
74.2,2,2,16,22,30.015639,31.497601,New Cairo,1064000
121.8,3,2,1,20,30.064465,31.222837,Zamalek,3423000
60.5,1,1,13,54,30.025412,31.402359,New Cairo,554000
159.0,3,3,4,34,30.054203,31.248748,Downtown,2320000
224.6,6,5,12,0,30.079156,31.228854,Zamalek,12451000
324.2,8,5,12,14,30.026882,31.484719,New Cairo,6231000
256.6,6,5,8,15,29.961645,31.270224,Maadi,4498000
174.7,5,5,15,0,30.0207,31.46901,New Cairo,3326000
62.7,2,2,1,47,30.070593,31.214838,Zamalek,1391000
271.1,8,5,18,11,29.985409,30.956688,Sheikh Zayed,6409000
116.4,3,2,13,0,29.975309,31.279436,Maadi,2921000
284.1,6,5,3,10,30.0122,31.495302,New Cairo,4813000
253.6,6,5,18,13,30.052192,31.344894,Nasr City,4202000
193.5,6,5,4,4,30.062812,31.213332,Mohandeseen,4725000
386.5,8,5,12,0,29.950271,31.260711,Maadi,9532000
120.5,3,2,5,4,30.012083,31.489464,New Cairo,2105000
100.3,2,1,2,74,29.981347,30.980881,Sheikh Zayed,700000
71.1,1,1,14,14,30.009773,30.950906,Sheikh Zayed,883000
181.9,5,4,1,3,30.007547,30.928144,Sheikh Zayed,2663000
137.8,4,3,2,17,30.044498,31.238628,Downtown,2948000
208.4,5,5,12,21,30.088475,31.340592,Heliopolis,3382000
339.9,8,5,13,13,30.005584,31.433156,New Cairo,7466000
71.2,2,2,4,5,30.06759,31.2092,Mohandeseen,1311000
111.5,4,4,13,0,30.003836,31.476555,New Cairo,2656000
260.7,6,5,5,19,30.044011,31.234072,Downtown,6130000
60.5,2,1,12,3,30.099891,31.352257,Heliopolis,1186000
318.1,8,5,5,18,30.004503,30.934529,Sheikh Zayed,5812000
198.0,4,3,8,16,30.052354,31.34178,Nasr City,2235000
67.0,1,1,9,4,30.072569,31.219637,Zamalek,2612000
302.9,8,5,17,10,30.060178,31.207386,Mohandeseen,8813000
212.6,5,5,7,9,30.05842,31.243892,Downtown,6509000
70.5,1,1,13,3,30.053303,31.233147,Downtown,2117000
298.4,8,5,13,44,30.049925,31.23761,Downtown,6443000
368.2,8,5,3,0,30.101111,31.359108,Heliopolis,8072000
93.2,2,2,19,18,29.996029,30.963259,Sheikh Zayed,1182000
353.3,8,5,3,45,30.086802,31.35638,Heliopolis,3813000
113.5,2,2,2,30,30.053454,31.245934,Downtown,1756000
349.2,8,5,18,4,29.954884,31.255607,Maadi,8734000
157.8,4,4,12,14,30.010021,31.47327,New Cairo,2341000
181.0,4,4,19,16,29.952163,31.256162,Maadi,3690000
381.1,8,5,7,15,30.05398,31.208367,Mohandeseen,8320000
170.6,5,5,8,1,29.995561,30.934349,Sheikh Zayed,3699000
246.2,7,5,5,3,30.067465,31.328178,Nasr City,3508000
129.8,3,2,2,5,29.969703,31.279056,Maadi,2370000
262.4,6,5,6,1,29.962911,31.270874,Maadi,5588000
150.9,3,3,6,4,30.073521,31.224133,Zamalek,5775000
258.4,7,5,2,30,30.108402,31.333177,Heliopolis,3349000
322.6,8,5,13,7,29.950462,31.267488,Maadi,8861000
244.3,7,5,4,19,30.052345,31.244788,Downtown,6352000
62.8,1,1,15,4,30.068688,31.224469,Zamalek,2209000
398.7,8,5,9,4,30.074281,31.211828,Zamalek,20832000
369.9,8,5,14,4,30.087427,31.331876,Heliopolis,9559000
204.4,5,5,11,13,29.991166,30.946643,Sheikh Zayed,3574000
377.1,8,5,3,14,30.022286,31.473792,New Cairo,6817000
159.1,5,5,9,3,30.073992,31.333344,Nasr City,2349000
144.5,4,3,8,8,30.072986,31.228726,Zamalek,6608000
202.6,5,4,11,13,30.006033,31.459023,New Cairo,3102000
375.2,8,5,3,7,30.099655,31.337807,Heliopolis,5572000
98.0,2,2,10,42,30.072403,31.348823,Nasr City,688000
158.3,4,3,10,11,30.010707,31.435379,New Cairo,3015000
356.7,8,5,5,5,30.010633,31.450563,New Cairo,6882000
341.8,8,5,5,16,29.975137,31.275763,Maadi,6003000
200.9,4,4,15,16,29.955378,31.270818,Maadi,3733000
311.8,8,5,6,23,30.045936,31.240827,Downtown,7171000
66.5,1,1,19,4,30.060628,31.324214,Nasr City,996000
165.7,3,3,19,6,30.022482,31.457191,New Cairo,2677000
249.3,6,5,1,11,29.970893,31.271064,Maadi,4587000
245.9,6,5,16,43,29.970899,31.264871,Maadi,2960000
174.7,4,3,17,3,29.991756,30.991654,Sheikh Zayed,3953000
324.0,8,5,3,12,29.998853,30.975091,Sheikh Zayed,4839000
359.7,8,5,1,9,30.026225,31.420344,New Cairo,5901000
213.4,5,4,9,32,30.059326,31.201514,Mohandeseen,2768000
280.2,6,5,16,3,30.05126,31.33917,Nasr City,5435000
82.6,2,2,18,7,30.066076,31.208669,Mohandeseen,1830000
380.5,8,5,19,1,30.101877,31.348252,Heliopolis,10216000
305.7,8,5,11,26,30.02527,31.437324,New Cairo,5212000
333.5,8,5,16,1,30.06533,31.211674,Mohandeseen,12227000
290.3,8,5,5,3,30.064265,31.207732,Mohandeseen,8680000
126.3,4,4,17,4,30.018162,31.443316,New Cairo,2792000
275.0,6,5,13,18,29.991586,30.96708,Sheikh Zayed,5097000
142.1,3,2,12,19,30.054915,31.241159,Downtown,2894000
339.4,8,5,17,4,29.970771,31.257922,Maadi,10292000
314.4,7,5,13,26,30.063893,31.331138,Nasr City,4077000
285.1,8,5,6,23,30.075473,31.224957,Zamalek,10083000
207.0,4,4,6,8,30.057769,31.246487,Downtown,6270000
169.8,5,5,8,19,30.093093,31.350003,Heliopolis,2871000
347.3,8,5,6,1,30.079978,31.216533,Zamalek,19016000
61.9,1,1,15,5,30.066362,31.229223,Zamalek,2657000
182.5,5,5,16,5,29.950472,31.250514,Maadi,4745000
73.2,3,3,3,41,30.012444,31.440233,New Cairo,647000
257.5,7,5,19,8,29.971222,31.261677,Maadi,7458000
188.9,4,3,5,15,30.094079,31.343292,Heliopolis,2506000
280.8,8,5,6,13,30.061067,31.219095,Zamalek,13163000
97.4,3,2,5,0,30.072885,31.229485,Zamalek,4491000
153.6,3,2,7,13,30.055381,31.348206,Nasr City,2200000
382.6,8,5,16,0,29.985143,30.956286,Sheikh Zayed,9835000
333.0,8,5,13,2,30.097178,31.33831,Heliopolis,9158000
92.3,2,1,8,1,30.086924,31.35747,Heliopolis,1957000
359.5,8,5,11,3,30.02589,31.488609,New Cairo,8785000
360.8,8,5,5,34,30.098679,31.359201,Heliopolis,3962000
379.9,8,5,7,8,30.091879,31.350079,Heliopolis,8094000
191.1,4,3,2,9,30.051657,31.357695,Nasr City,2448000
116.9,2,2,5,21,30.109033,31.343192,Heliopolis,1655000
274.4,6,5,10,4,30.06066,31.34696,Nasr City,4110000
391.6,8,5,18,6,30.10594,31.334648,Heliopolis,10670000
300.3,8,5,5,9,30.065611,31.206072,Mohandeseen,6673000
272.2,6,5,17,8,30.109527,31.341871,Heliopolis,5765000
215.9,6,5,18,16,30.075541,31.227244,Zamalek,10478000
75.3,1,1,17,21,30.068808,31.200316,Mohandeseen,912000
227.5,6,5,7,1,30.055994,31.232465,Downtown,9491000
214.4,6,5,8,3,30.069029,31.20351,Mohandeseen,7003000
355.7,8,5,7,40,30.074832,31.215588,Zamalek,11025000
254.1,6,5,3,3,30.053657,31.216514,Mohandeseen,6455000
250.0,6,5,14,4,30.108167,31.35682,Heliopolis,5996000
249.3,7,5,5,2,30.020183,31.42205,New Cairo,5232000
260.2,7,5,10,23,30.062547,31.215005,Mohandeseen,4924000
150.2,4,4,17,5,30.057113,31.35794,Nasr City,2499000
141.0,4,4,5,9,29.972817,31.254635,Maadi,2840000
318.5,8,5,7,41,30.067516,31.224162,Zamalek,10266000
129.5,3,2,19,14,30.077318,31.340394,Nasr City,1719000
102.0,3,2,1,28,30.068568,31.219928,Mohandeseen,1366000
140.7,3,3,13,1,30.09825,31.338431,Heliopolis,3400000
296.5,8,5,19,20,30.053765,31.350911,Nasr City,4872000
343.9,8,5,18,5,30.002483,30.954489,Sheikh Zayed,7791000
323.6,8,5,17,6,30.088813,31.331245,Heliopolis,9985000
290.7,7,5,6,44,30.076546,31.349563,Nasr City,2941000
370.4,8,5,17,18,30.072454,31.229802,Zamalek,14333000
166.5,5,4,18,71,30.09623,31.359545,Heliopolis,1874000
186.7,6,5,9,4,30.101304,31.338188,Heliopolis,3898000
230.5,5,4,10,35,30.06295,31.205461,Mohandeseen,2419000
367.5,8,5,16,23,29.963872,31.275949,Maadi,8184000
360.8,8,5,4,5,30.063821,31.205433,Mohandeseen,8282000
308.1,8,5,17,25,30.043467,31.239716,Downtown,8737000
162.0,4,3,5,6,30.060905,31.214358,Zamalek,5694000
283.9,8,5,3,12,30.063141,31.217968,Mohandeseen,5142000
88.1,2,1,5,1,30.041513,31.237231,Downtown,2111000
393.4,8,5,16,22,29.970991,31.268508,Maadi,7786000
118.7,3,3,9,0,30.065641,31.204801,Mohandeseen,3110000
77.1,1,1,1,9,30.06453,31.222279,Zamalek,2394000
365.2,8,5,6,33,30.073818,31.326332,Nasr City,2624000
171.6,4,4,6,9,30.049643,31.246818,Downtown,4267000
256.0,7,5,17,4,29.986127,30.921341,Sheikh Zayed,5442000
377.5,8,5,2,0,29.994268,30.95262,Sheikh Zayed,8610000
172.9,5,4,13,3,30.064783,31.220246,Zamalek,7387000
379.1,8,5,3,6,30.061013,31.208064,Mohandeseen,9968000
209.0,6,5,1,8,30.002501,30.962533,Sheikh Zayed,3787000
283.8,6,5,4,12,30.080875,31.357217,Heliopolis,4858000
359.0,8,5,8,10,30.101945,31.358744,Heliopolis,7318000
344.4,8,5,19,7,29.989498,30.942856,Sheikh Zayed,8559000
290.3,7,5,2,26,30.062929,31.226659,Zamalek,7477000
380.7,8,5,4,21,30.065014,31.337351,Nasr City,4555000
164.9,4,3,3,26,30.054257,31.243934,Downtown,2365000
194.4,5,5,6,8,30.052648,31.207645,Mohandeseen,3966000
68.8,2,2,14,17,30.062408,31.228771,Zamalek,2898000
82.3,3,3,15,10,30.068339,31.215526,Mohandeseen,1953000
317.5,8,5,14,7,30.052005,31.200332,Mohandeseen,8260000
114.3,3,2,3,4,30.074905,31.35793,Nasr City,1249000
355.3,8,5,18,0,30.051182,31.342958,Nasr City,6729000
351.7,8,5,6,22,30.066274,31.214957,Zamalek,10609000
391.1,8,5,15,4,30.027127,31.437472,New Cairo,10899000
126.1,2,2,11,24,30.05673,31.329043,Nasr City,1166000
273.0,6,5,16,6,29.999884,30.989651,Sheikh Zayed,5619000
210.3,5,4,15,11,29.984841,30.96576,Sheikh Zayed,4507000
246.1,7,5,4,7,30.003767,31.417129,New Cairo,4843000
71.8,2,2,2,3,30.069245,31.330393,Nasr City,753000
280.4,8,5,9,11,29.953168,31.251359,Maadi,5881000
310.9,7,5,4,4,30.051625,31.219852,Mohandeseen,8736000
276.9,8,5,2,8,29.993393,30.969502,Sheikh Zayed,6428000
251.8,7,5,7,40,30.100673,31.354698,Heliopolis,3588000
238.0,5,5,1,10,30.0639,31.223042,Zamalek,8600000
320.2,8,5,4,1,29.983779,30.998332,Sheikh Zayed,7851000
111.6,4,3,2,21,30.000162,31.400135,New Cairo,1383000
153.8,4,4,10,17,30.007,31.462533,New Cairo,2049000
281.1,6,5,18,0,30.002025,30.947305,Sheikh Zayed,7965000
262.0,6,5,12,0,30.072455,31.226135,Zamalek,13543000
205.0,5,4,2,16,30.079306,31.211008,Zamalek,7483000
261.3,6,5,10,11,30.025195,31.412749,New Cairo,4926000
108.7,3,2,14,23,30.079832,31.344219,Nasr City,1191000
290.0,8,5,6,5,30.080033,31.338159,Heliopolis,7160000
103.4,2,1,6,17,30.107081,31.355118,Heliopolis,1266000
176.5,4,3,17,26,30.007552,30.971983,Sheikh Zayed,2473000
158.0,4,4,1,0,30.089682,31.346631,Heliopolis,2698000
64.4,2,1,13,47,30.066972,31.340578,Nasr City,493000
286.5,8,5,8,1,30.059448,31.323866,Nasr City,4591000
342.1,8,5,16,81,29.967481,31.274374,Maadi,4518000
226.3,6,5,16,2,30.052648,31.232567,Downtown,7571000
100.7,3,2,9,24,29.962778,31.279841,Maadi,1458000
68.7,1,1,15,14,30.005499,30.9357,Sheikh Zayed,1050000
247.4,6,5,11,4,30.023145,31.46519,New Cairo,4647000
276.8,8,5,2,10,29.970679,31.257569,Maadi,5695000
282.0,6,5,8,11,30.054071,31.355745,Nasr City,3603000
369.9,8,5,16,0,29.972996,31.271063,Maadi,13019000
388.6,8,5,17,16,30.046145,31.2374,Downtown,15075000
258.7,7,5,19,1,30.063321,31.211222,Zamalek,15846000
399.2,8,5,13,1,30.026498,31.441483,New Cairo,11497000
215.5,5,4,10,19,30.084061,31.335929,Heliopolis,3130000
222.3,6,5,18,7,30.066762,31.212536,Zamalek,9840000
270.8,7,5,1,0,30.047273,31.231972,Downtown,8260000
177.5,5,4,11,12,30.107241,31.341889,Heliopolis,3150000
355.8,8,5,17,11,30.056382,31.209398,Mohandeseen,9804000
341.7,8,5,2,14,30.056573,31.245669,Downtown,9338000
169.9,5,4,13,7,30.052067,31.246034,Downtown,5443000
235.5,6,5,10,9,29.97429,31.278516,Maadi,4852000
267.5,6,5,18,13,30.068048,31.207664,Mohandeseen,6689000
367.9,8,5,11,26,29.99764,30.948248,Sheikh Zayed,5867000
378.0,8,5,16,30,30.004939,31.441512,New Cairo,6240000
272.7,7,5,5,13,29.972911,31.265702,Maadi,5887000
272.6,6,5,19,20,30.054883,31.21196,Mohandeseen,5455000
195.2,5,5,3,7,30.025174,31.414533,New Cairo,2916000
248.1,6,5,16,3,29.987743,30.929083,Sheikh Zayed,6012000
93.3,1,1,17,15,30.050912,31.218919,Mohandeseen,1733000
378.6,8,5,14,10,30.044917,31.237163,Downtown,14706000
294.8,8,5,18,39,29.952734,31.258577,Maadi,4149000
278.2,7,5,9,8,30.00072,31.433537,New Cairo,5743000
396.1,8,5,8,11,30.078895,31.32459,Nasr City,5062000
120.9,4,3,10,11,30.014253,31.492243,New Cairo,1990000
208.6,5,5,11,27,30.056498,31.213746,Mohandeseen,4447000
392.6,8,5,19,6,29.971926,31.2626,Maadi,11289000
186.5,5,4,17,47,29.976704,31.269568,Maadi,3198000
236.7,7,5,16,21,30.079822,31.320443,Nasr City,3036000
382.8,8,5,9,3,30.057109,31.213384,Mohandeseen,7680000
379.1,8,5,1,16,30.055964,31.3326,Nasr City,4298000
131.4,4,3,19,6,30.023406,31.456389,New Cairo,3010000
200.2,4,3,16,2,29.993216,30.945384,Sheikh Zayed,3928000
202.5,5,5,2,5,30.050194,31.33985,Nasr City,3009000
168.4,3,3,3,0,29.980928,30.977153,Sheikh Zayed,2672000
198.5,5,4,1,3,30.000677,31.486166,New Cairo,3710000
273.2,7,5,16,5,30.065115,31.216548,Zamalek,14918000
151.4,3,3,18,5,30.051103,31.24176,Downtown,6152000
120.3,3,2,18,4,30.092009,31.354356,Heliopolis,2342000
191.7,6,5,9,5,30.05532,31.206656,Mohandeseen,6089000
252.0,7,5,13,0,30.002078,30.936672,Sheikh Zayed,6725000
359.1,8,5,9,2,30.040019,31.248064,Downtown,10452000
317.7,8,5,7,56,30.019368,31.493454,New Cairo,3083000
187.1,5,5,18,5,30.051634,31.327298,Nasr City,3219000
130.3,3,2,3,8,30.019357,31.474521,New Cairo,2026000
195.4,4,3,15,38,29.974362,31.274756,Maadi,2325000
347.7,8,5,4,7,29.960177,31.251873,Maadi,8856000
150.9,4,3,16,24,30.06751,31.206049,Mohandeseen,2614000
93.2,3,2,17,16,30.086938,31.337307,Heliopolis,1780000
166.1,5,4,14,8,30.052528,31.347306,Nasr City,2460000
351.9,8,5,8,16,30.057569,31.354922,Nasr City,5242000
164.4,5,5,16,28,30.061502,31.326731,Nasr City,1774000
196.6,5,5,17,9,30.076574,31.226591,Zamalek,10525000
377.5,8,5,16,17,30.010889,31.487928,New Cairo,6742000
164.1,4,4,6,6,30.07725,31.214661,Zamalek,6696000
144.6,4,4,2,22,30.057862,31.202785,Mohandeseen,2223000
79.1,1,1,2,2,30.049252,31.230665,Downtown,1835000
232.6,5,4,2,1,30.099894,31.347861,Heliopolis,3743000
338.0,8,5,17,2,29.988306,30.923685,Sheikh Zayed,7179000
234.4,6,5,17,81,30.013058,31.492069,New Cairo,2672000
222.8,6,5,9,12,30.095389,31.338442,Heliopolis,4314000
117.1,2,1,1,19,30.078576,31.218611,Zamalek,3001000
84.8,3,3,10,1,30.060712,31.229887,Zamalek,3223000
139.1,4,3,17,7,30.104072,31.340237,Heliopolis,3833000
358.3,8,5,19,0,30.070699,31.210754,Zamalek,20863000
224.3,7,5,6,4,30.060768,31.219843,Mohandeseen,5213000
170.8,5,4,19,0,29.977124,31.252059,Maadi,5642000
164.7,4,3,15,3,30.092845,31.331843,Heliopolis,3540000
357.8,8,5,19,6,29.983204,30.996272,Sheikh Zayed,7947000
301.0,8,5,14,16,30.105329,31.357474,Heliopolis,5707000
84.0,3,3,1,25,30.050893,31.231557,Downtown,1573000
222.0,6,5,12,8,29.964486,31.256369,Maadi,5018000
362.0,8,5,12,5,29.961312,31.2618,Maadi,9718000
211.5,5,4,10,3,30.063416,31.353193,Nasr City,2939000
113.0,3,2,19,7,30.04827,31.230796,Downtown,4438000
131.4,3,3,1,0,30.063582,31.217844,Zamalek,4689000
270.9,7,5,3,14,30.05384,31.20292,Mohandeseen,5855000
240.6,7,5,18,38,30.056406,31.241237,Downtown,5444000
110.5,3,2,17,8,30.079355,31.223155,Zamalek,4913000
278.6,7,5,15,21,29.97138,31.255795,Maadi,4107000
97.4,3,3,1,28,30.064506,31.207208,Mohandeseen,876000
191.5,4,3,14,5,29.982693,30.992866,Sheikh Zayed,3987000
336.2,8,5,18,50,30.056174,31.349663,Nasr City,3474000
210.9,5,4,13,31,30.001866,30.944117,Sheikh Zayed,2211000
318.3,8,5,15,31,30.051488,31.330283,Nasr City,3631000
133.6,4,3,14,48,30.058897,31.209781,Mohandeseen,2039000
161.7,4,3,3,8,30.056969,31.237265,Downtown,4022000
329.0,8,5,14,11,30.001232,31.474483,New Cairo,6553000
289.1,7,5,7,6,30.069042,31.327457,Nasr City,4476000
134.5,3,2,7,9,30.040537,31.23761,Downtown,3514000
385.4,8,5,17,34,30.070501,31.224146,Zamalek,10385000
291.4,8,5,16,0,30.081178,31.359319,Heliopolis,9269000
107.0,3,2,14,13,30.071938,31.35079,Nasr City,1191000
202.2,5,4,14,1,30.026922,31.411938,New Cairo,4930000
170.8,4,3,16,13,30.05621,31.354056,Nasr City,2238000
324.1,8,5,15,8,29.984965,30.976528,Sheikh Zayed,9733000
157.4,4,3,11,18,30.007858,30.979099,Sheikh Zayed,2636000
384.1,8,5,6,11,30.055178,31.201057,Mohandeseen,8658000
335.9,8,5,4,2,30.071223,31.348471,Nasr City,5729000
389.7,8,5,12,21,30.051834,31.23384,Downtown,12199000
144.6,3,2,11,2,30.06456,31.216263,Mohandeseen,4244000
123.2,2,1,14,29,30.102499,31.354154,Heliopolis,1470000
171.5,5,4,12,5,30.057044,31.230819,Downtown,6240000
248.0,7,5,19,1,30.079174,31.34072,Nasr City,4227000
221.6,6,5,12,4,30.085849,31.345147,Heliopolis,5644000
188.5,6,5,11,23,30.012069,31.442495,New Cairo,3191000
208.9,6,5,15,8,30.050798,31.208982,Mohandeseen,5193000
177.7,5,4,8,1,30.067336,31.21199,Zamalek,9740000
348.4,8,5,19,3,30.007956,31.416976,New Cairo,9815000
374.4,8,5,18,36,30.018311,31.454641,New Cairo,4506000
235.2,5,5,12,35,30.074869,31.220657,Zamalek,5003000
265.1,6,5,7,40,29.99727,30.930089,Sheikh Zayed,3410000
114.6,3,3,10,19,30.088147,31.339486,Heliopolis,1850000
128.6,4,3,3,5,30.053681,31.215129,Mohandeseen,2262000
381.0,8,5,16,4,30.068857,31.226945,Zamalek,21136000
104.3,2,2,4,27,30.004257,30.945432,Sheikh Zayed,743000
191.9,5,5,2,41,30.022543,31.494133,New Cairo,1751000
336.4,8,5,4,14,30.086455,31.348824,Heliopolis,5686000
156.1,4,3,18,0,30.060164,31.336206,Nasr City,2257000
332.6,8,5,18,20,30.070851,31.223072,Zamalek,15521000
266.8,7,5,10,38,29.986912,30.94314,Sheikh Zayed,2600000
117.1,3,2,3,12,30.053481,31.230333,Downtown,3026000
298.4,7,5,2,40,30.003932,31.479739,New Cairo,2699000
185.2,6,5,11,10,30.068199,31.214345,Mohandeseen,5349000
210.8,6,5,12,9,30.065139,31.213782,Mohandeseen,5667000
353.4,8,5,12,11,30.068343,31.227555,Zamalek,17701000
81.1,3,2,5,7,29.995083,30.987156,Sheikh Zayed,1265000
163.7,3,2,4,5,29.973401,31.264149,Maadi,2869000
187.8,5,5,10,9,30.009877,31.405248,New Cairo,3166000
216.5,6,5,19,11,30.062493,31.229228,Zamalek,12086000
67.4,2,2,8,8,30.040542,31.24567,Downtown,1855000
98.1,3,2,11,11,30.04954,31.237784,Downtown,2969000
79.5,3,2,6,4,30.069177,31.202856,Mohandeseen,1427000
170.3,5,5,1,100,30.061099,31.221571,Zamalek,3703000
85.3,1,1,16,43,30.056698,31.211417,Mohandeseen,703000
330.0,8,5,19,17,30.061404,31.212204,Mohandeseen,8854000
295.6,8,5,18,5,30.066147,31.341333,Nasr City,5501000
93.0,1,1,5,0,30.02535,31.405905,New Cairo,1367000
235.2,7,5,18,6,30.003165,30.933637,Sheikh Zayed,5613000
364.5,8,5,15,0,30.046717,31.240277,Downtown,14292000
141.0,3,3,10,4,30.000273,31.46483,New Cairo,2835000
234.4,7,5,18,15,30.026176,31.424415,New Cairo,5065000
186.5,4,3,9,30,30.06488,31.229335,Zamalek,4609000
247.1,6,5,4,27,29.95969,31.27667,Maadi,3291000
153.0,4,3,4,25,30.052779,31.214946,Mohandeseen,2177000
226.9,5,4,10,5,30.069498,31.208222,Mohandeseen,7248000
327.4,8,5,19,14,30.061772,31.223537,Zamalek,13294000
227.3,7,5,2,27,30.050911,31.353753,Nasr City,1734000
290.2,6,5,12,9,30.056603,31.330159,Nasr City,4370000
102.7,2,2,6,21,30.074448,31.210148,Zamalek,2380000
392.0,8,5,4,4,30.052041,31.332676,Nasr City,6230000
151.0,4,4,4,20,30.050252,31.21289,Mohandeseen,2344000
298.5,6,5,2,5,30.053868,31.245325,Downtown,7932000
106.6,3,2,12,19,30.063858,31.219747,Mohandeseen,2147000
240.7,6,5,8,8,30.017079,31.400208,New Cairo,3810000
173.5,4,4,10,14,30.095562,31.331535,Heliopolis,3058000
376.1,8,5,2,4,30.06928,31.212666,Zamalek,13553000
214.7,5,5,14,22,30.056159,31.245355,Downtown,5489000
229.8,6,5,18,11,29.981031,30.971117,Sheikh Zayed,4515000
354.5,8,5,10,4,29.99296,30.999924,Sheikh Zayed,8037000
109.5,3,2,13,9,30.053201,31.345982,Nasr City,1468000
103.9,3,3,13,0,29.987724,30.930853,Sheikh Zayed,2018000
339.2,8,5,16,1,30.064718,31.205502,Mohandeseen,9495000
118.0,3,2,3,23,29.998087,30.972338,Sheikh Zayed,1300000
391.7,8,5,15,15,30.06942,31.325134,Nasr City,5128000
146.7,4,4,6,13,30.054253,31.20194,Mohandeseen,2959000
78.7,2,1,6,39,30.072822,31.216233,Zamalek,1420000
376.7,8,5,17,59,30.069854,31.352676,Nasr City,4332000
151.2,3,2,15,15,30.050796,31.211954,Mohandeseen,3600000
303.4,8,5,11,1,30.020123,31.482126,New Cairo,6712000
378.8,8,5,7,3,30.053056,31.356445,Nasr City,5265000
68.5,2,1,14,8,30.056848,31.21093,Mohandeseen,1580000
307.3,8,5,5,0,29.997634,30.987228,Sheikh Zayed,6762000
238.7,5,5,14,95,30.096241,31.338522,Heliopolis,2402000
257.5,7,5,10,3,30.010574,31.412611,New Cairo,5265000
164.0,5,5,1,1,30.065385,31.333732,Nasr City,2542000
270.2,7,5,18,26,30.061124,31.22495,Zamalek,7870000
383.1,8,5,17,8,30.05066,31.219079,Mohandeseen,12635000
119.8,2,1,13,36,30.054234,31.202885,Mohandeseen,1395000
391.9,8,5,16,21,29.957601,31.276852,Maadi,6422000
316.6,8,5,5,7,30.059682,31.235845,Downtown,11262000
368.1,8,5,7,37,30.055314,31.217916,Mohandeseen,5647000
268.7,6,5,18,17,30.043805,31.240418,Downtown,7439000
124.0,3,2,4,2,30.00314,31.442294,New Cairo,1943000
213.8,6,5,4,2,30.077712,31.352859,Nasr City,3358000
102.4,2,1,4,17,30.072575,31.215322,Zamalek,2865000
233.6,5,5,14,6,30.085503,31.330205,Heliopolis,4968000
393.2,8,5,15,32,30.058251,31.328945,Nasr City,4288000
274.4,7,5,12,5,30.022864,31.493618,New Cairo,6128000
379.8,8,5,9,14,30.069482,31.227514,Zamalek,15243000
304.6,7,5,4,14,30.054383,31.35292,Nasr City,3428000
378.0,8,5,10,1,30.080507,31.357287,Heliopolis,10812000
333.9,8,5,14,17,30.044736,31.231679,Downtown,9640000
330.3,8,5,13,50,30.063275,31.215988,Zamalek,9145000
129.3,3,3,2,59,29.968891,31.262485,Maadi,1195000
368.1,8,5,9,0,29.984309,30.972636,Sheikh Zayed,9984000
228.9,6,5,10,18,30.101956,31.335219,Heliopolis,4432000
316.0,8,5,6,13,30.045997,31.230688,Downtown,10331000
330.8,8,5,12,7,30.068129,31.345201,Nasr City,5976000
112.5,3,2,14,15,30.065543,31.218994,Zamalek,3596000
232.1,5,5,19,28,30.075914,31.336271,Nasr City,2414000
66.5,2,2,8,14,30.058706,31.210503,Mohandeseen,1312000
304.1,7,5,1,3,30.024394,31.458843,New Cairo,5047000
179.6,4,4,5,12,30.017929,31.473893,New Cairo,2686000
225.9,5,4,16,18,30.050148,31.23883,Downtown,5903000
252.4,7,5,18,8,30.054374,31.241725,Downtown,7862000
134.0,3,2,6,10,30.068698,31.212742,Mohandeseen,2668000
104.0,2,1,13,9,29.955449,31.259072,Maadi,2029000
375.0,8,5,3,10,30.041684,31.249692,Downtown,10130000
182.0,5,5,3,8,30.059193,31.358489,Nasr City,2474000
268.9,8,5,9,6,30.007449,31.498801,New Cairo,5617000
241.3,7,5,14,28,29.969058,31.251247,Maadi,3644000
176.1,4,4,2,17,30.104763,31.334398,Heliopolis,2469000
281.0,8,5,1,1,29.968993,31.276971,Maadi,5844000
196.1,6,5,12,9,30.057951,31.248155,Downtown,6556000
176.1,4,4,12,3,30.096261,31.359046,Heliopolis,4028000
242.8,6,5,14,0,30.079207,31.210892,Zamalek,11036000
147.6,4,4,3,0,30.061987,31.206833,Mohandeseen,3796000
292.7,7,5,6,5,30.024577,31.453653,New Cairo,6078000
356.6,8,5,19,15,30.002876,30.966794,Sheikh Zayed,8208000
230.6,6,5,1,2,30.016407,31.454625,New Cairo,3663000
148.6,3,2,7,49,30.078351,31.225291,Zamalek,3075000
304.8,7,5,18,17,30.082899,31.338225,Heliopolis,5929000
302.6,8,5,18,30,30.097807,31.333813,Heliopolis,4292000
214.1,6,5,17,1,30.063833,31.219491,Zamalek,11509000
383.1,8,5,19,23,29.960229,31.274164,Maadi,7672000
197.2,5,5,17,37,30.10725,31.348137,Heliopolis,2533000
173.6,4,3,11,5,30.063377,31.219213,Zamalek,7982000
87.9,2,2,18,5,30.088343,31.335533,Heliopolis,1440000
215.6,6,5,9,18,30.050634,31.336757,Nasr City,2458000
381.4,8,5,15,9,30.056366,31.243667,Downtown,15871000
179.9,5,4,10,4,30.060384,31.204687,Mohandeseen,5549000
373.9,8,5,5,18,29.969767,31.279674,Maadi,7496000
307.7,8,5,3,7,30.025115,31.486529,New Cairo,6730000
111.4,2,2,5,21,29.96619,31.252325,Maadi,1635000
271.0,7,5,18,1,30.076989,31.220657,Zamalek,16612000
357.8,8,5,18,0,30.092109,31.359807,Heliopolis,10725000
257.1,7,5,7,0,29.95562,31.250974,Maadi,7284000
286.3,7,5,12,0,29.971898,31.276662,Maadi,8897000
226.2,5,5,3,0,30.004265,31.405283,New Cairo,3871000
114.2,4,3,3,32,29.96715,31.25995,Maadi,1269000
261.8,6,5,14,0,30.066054,31.215761,Mohandeseen,7324000
91.5,1,1,2,131,30.060044,31.222773,Zamalek,1503000
142.8,4,4,11,1,30.101098,31.342076,Heliopolis,3297000
320.9,8,5,18,5,29.973668,31.270454,Maadi,10167000
101.9,2,2,4,22,30.074095,31.326137,Nasr City,739000
325.4,8,5,7,6,30.042116,31.242564,Downtown,9061000
385.0,8,5,16,10,30.069866,31.210079,Zamalek,13957000
346.7,8,5,8,30,30.077879,31.228396,Zamalek,10094000
135.2,4,4,16,8,30.055076,31.327501,Nasr City,2311000
174.7,3,3,4,11,30.062392,31.21327,Mohandeseen,3363000
396.9,8,5,3,3,30.059241,31.218061,Mohandeseen,11351000
179.0,5,4,1,27,29.978848,31.273252,Maadi,2171000
184.0,5,4,8,24,30.065267,31.322498,Nasr City,1657000
355.0,8,5,10,9,30.084284,31.341683,Heliopolis,6090000
304.1,8,5,3,6,30.051665,31.214491,Mohandeseen,8573000
67.4,2,1,6,12,30.095117,31.330405,Heliopolis,965000
238.8,7,5,1,11,30.073415,31.215389,Zamalek,9204000
251.1,6,5,10,17,30.001233,30.948799,Sheikh Zayed,4234000
182.2,4,3,9,45,30.012261,31.446668,New Cairo,1840000
203.3,4,3,8,8,30.065249,31.218006,Mohandeseen,5542000
144.1,4,4,6,26,30.012531,31.407309,New Cairo,1936000
119.6,2,2,7,38,29.979053,31.266217,Maadi,1335000
372.7,8,5,4,28,30.05812,31.240832,Downtown,6346000
181.3,4,4,1,26,30.01992,31.433837,New Cairo,2023000
266.2,7,5,13,18,30.097444,31.358433,Heliopolis,5536000
143.9,4,3,3,72,29.957983,31.274996,Maadi,1344000
90.0,2,2,1,17,30.079719,31.331116,Nasr City,616000
372.4,8,5,18,30,30.051195,31.217772,Mohandeseen,7223000
68.0,2,2,9,20,30.086248,31.336157,Heliopolis,926000
204.4,5,5,7,21,30.060102,31.219767,Mohandeseen,3578000
106.7,2,1,5,44,29.973005,31.258049,Maadi,1258000
145.7,4,4,6,12,29.966581,31.253442,Maadi,2857000
357.2,8,5,8,19,29.950975,31.267858,Maadi,7342000
206.5,5,4,2,0,30.08284,31.330986,Heliopolis,4219000
368.3,8,5,3,3,30.063704,31.219638,Mohandeseen,10513000
151.1,4,3,13,11,29.952117,31.278021,Maadi,3280000
306.9,7,5,6,23,30.016412,31.464995,New Cairo,4554000
239.6,5,5,3,9,30.098677,31.330301,Heliopolis,4999000
98.2,2,1,16,27,30.05491,31.331078,Nasr City,944000
134.0,4,4,7,3,30.065609,31.204024,Mohandeseen,3071000
394.4,8,5,12,16,30.045735,31.241192,Downtown,10784000
77.8,3,2,2,24,29.995254,30.938632,Sheikh Zayed,734000
314.1,7,5,11,20,29.998819,30.957736,Sheikh Zayed,5422000
399.5,8,5,7,6,30.005248,30.96437,Sheikh Zayed,8860000
99.3,2,1,7,38,30.076039,31.339987,Nasr City,690000
124.1,4,4,7,58,30.020891,31.467198,New Cairo,1128000
109.1,3,3,1,11,30.06757,31.32034,Nasr City,1282000
248.3,5,4,5,31,29.967809,31.268236,Maadi,3378000
256.2,6,5,6,17,30.071202,31.217729,Zamalek,10653000
213.8,5,5,14,18,30.027601,31.427068,New Cairo,2621000
374.7,8,5,1,36,30.026214,31.450182,New Cairo,2865000
76.7,1,1,14,5,29.991521,30.988352,Sheikh Zayed,1256000
192.7,6,5,12,38,30.067448,31.341339,Nasr City,1368000
236.8,6,5,11,25,29.976988,31.273458,Maadi,4476000
355.6,8,5,5,0,30.052037,31.21457,Mohandeseen,9543000
128.3,3,2,6,9,30.070817,31.226367,Zamalek,3911000
157.2,3,2,10,20,30.013143,31.481779,New Cairo,2268000
277.4,7,5,9,7,30.053554,31.234535,Downtown,9250000
228.2,6,5,11,7,29.976958,31.276888,Maadi,5911000
127.3,3,3,2,4,30.058359,31.205024,Mohandeseen,2746000
82.3,3,3,2,6,30.074251,31.335522,Nasr City,905000
172.9,5,4,1,2,30.010369,31.48077,New Cairo,3299000
74.2,3,3,13,14,29.995695,30.989958,Sheikh Zayed,1293000
165.2,5,4,7,5,29.970452,31.256234,Maadi,3833000
328.6,8,5,10,24,30.071238,31.224818,Zamalek,9806000
190.0,4,3,7,0,30.064544,31.218128,Zamalek,9703000
338.1,8,5,19,16,30.077098,31.323942,Nasr City,6039000
104.4,2,1,19,18,30.007309,31.44686,New Cairo,1392000
322.6,7,5,5,0,30.097252,31.353598,Heliopolis,7573000
334.5,8,5,11,40,30.066892,31.21322,Zamalek,8901000
301.0,7,5,2,2,30.022928,31.478997,New Cairo,6360000
398.2,8,5,15,74,30.068158,31.215748,Zamalek,12320000
236.2,6,5,12,8,30.075106,31.342893,Nasr City,3368000
81.9,3,2,14,11,30.068322,31.330572,Nasr City,1037000
98.4,3,2,16,2,30.012895,31.428726,New Cairo,1906000
260.0,6,5,7,12,30.071978,31.215488,Zamalek,12260000
357.4,8,5,14,28,30.016516,31.482589,New Cairo,4659000
294.0,7,5,16,3,30.042961,31.231974,Downtown,9351000
97.6,2,2,17,20,30.06279,31.333348,Nasr City,1240000
78.5,2,1,9,10,30.051641,31.341419,Nasr City,863000
352.2,8,5,12,11,30.079505,31.229315,Zamalek,17804000
236.0,5,5,8,40,30.06178,31.220231,Zamalek,5141000
378.0,8,5,15,1,30.100113,31.338665,Heliopolis,12901000
101.2,2,2,14,3,30.068326,31.218977,Zamalek,5166000
196.4,6,5,16,7,30.000695,30.968195,Sheikh Zayed,4466000
153.6,5,4,7,1,30.10727,31.358733,Heliopolis,2975000
139.5,3,3,13,5,30.066128,31.213046,Zamalek,5621000
270.8,6,5,9,9,30.053613,31.209713,Mohandeseen,5355000
150.3,4,4,10,5,30.06931,31.228864,Zamalek,5668000
284.2,7,5,18,27,30.075118,31.219668,Zamalek,9583000
334.3,7,5,18,8,30.054594,31.203991,Mohandeseen,10131000
320.2,8,5,17,24,29.961315,31.2771,Maadi,6160000
392.5,8,5,15,7,30.022652,31.467233,New Cairo,7912000
377.7,8,5,4,11,30.069685,31.335289,Nasr City,5360000
297.3,8,5,10,1,30.048542,31.232575,Downtown,11371000
253.6,6,5,13,25,30.077343,31.22346,Zamalek,9052000
84.6,2,1,13,18,30.029201,31.479057,New Cairo,1212000
62.4,2,1,14,11,30.020319,31.470263,New Cairo,976000
233.0,5,4,12,15,29.958945,31.253794,Maadi,4406000
200.9,4,3,14,12,30.069279,31.353994,Nasr City,3125000
208.3,6,5,19,3,30.016098,31.493482,New Cairo,5117000
358.3,8,5,16,6,30.067092,31.216044,Mohandeseen,11578000
141.6,3,2,4,13,30.053341,31.248232,Downtown,3695000
284.9,7,5,7,17,29.961615,31.260383,Maadi,4452000
60.1,1,1,5,4,30.066118,31.205593,Mohandeseen,1183000
72.4,3,3,19,33,29.986845,30.979201,Sheikh Zayed,706000
386.3,8,5,13,1,30.074654,31.222338,Zamalek,20223000
259.5,6,5,18,86,30.054611,31.354519,Nasr City,2779000
326.6,8,5,9,2,30.058653,31.237661,Downtown,12057000
342.0,8,5,9,10,30.083592,31.35408,Heliopolis,6261000
249.0,6,5,16,0,30.058512,31.337463,Nasr City,4288000
71.7,2,2,10,3,30.057301,31.208649,Mohandeseen,2057000
390.8,8,5,1,0,30.027635,31.487442,New Cairo,7610000
320.1,8,5,2,15,30.080551,31.34962,Heliopolis,5719000
156.2,3,3,9,38,29.970678,31.253813,Maadi,1977000
345.0,8,5,17,51,30.059646,31.359929,Nasr City,2852000
268.6,6,5,7,0,30.054895,31.21763,Mohandeseen,8777000
95.7,3,3,5,35,30.066087,31.201317,Mohandeseen,1023000
298.3,7,5,8,11,30.077589,31.2182,Zamalek,11463000
222.8,5,4,7,36,30.051083,31.240543,Downtown,3637000
225.4,6,5,13,14,30.063381,31.202526,Mohandeseen,4906000
272.1,7,5,6,10,30.082314,31.339186,Heliopolis,6076000
95.3,3,2,2,4,29.974683,31.26555,Maadi,1353000
310.6,7,5,19,18,29.981559,30.98878,Sheikh Zayed,5960000
317.1,7,5,13,25,30.060388,31.35231,Nasr City,3403000
397.2,8,5,4,10,29.987009,30.952765,Sheikh Zayed,7334000
167.0,4,4,3,13,29.991398,30.960155,Sheikh Zayed,2863000
317.5,8,5,7,32,30.045261,31.234491,Downtown,7636000
377.0,8,5,15,2,30.060368,31.202252,Mohandeseen,11523000
202.9,6,5,16,1,30.067085,31.215633,Mohandeseen,5196000
252.4,7,5,7,36,29.978382,31.257341,Maadi,3082000
146.8,4,3,4,12,30.060295,31.342463,Nasr City,1563000
210.4,4,4,3,17,30.043292,31.245074,Downtown,4604000
156.7,3,3,7,29,30.084887,31.354372,Heliopolis,1735000
209.7,6,5,11,5,29.99657,30.924041,Sheikh Zayed,3658000
337.8,8,5,5,3,30.061587,31.339394,Nasr City,5290000
364.5,8,5,2,2,30.050595,31.201435,Mohandeseen,8633000
317.9,8,5,13,2,29.998676,30.936626,Sheikh Zayed,9914000
351.2,8,5,15,12,30.060231,31.358475,Nasr City,5335000
114.6,4,4,19,10,30.047282,31.242788,Downtown,3732000
274.3,6,5,17,16,30.082159,31.3377,Heliopolis,5582000
70.6,3,3,1,5,30.047252,31.231328,Downtown,2133000
390.7,8,5,1,5,30.006029,30.938605,Sheikh Zayed,6295000
83.1,1,1,12,12,30.054305,31.217232,Mohandeseen,1923000
79.1,1,1,10,22,30.00766,30.935604,Sheikh Zayed,1116000
226.4,6,5,3,9,30.059416,31.214133,Mohandeseen,5003000
249.3,7,5,4,2,29.979547,31.25228,Maadi,5199000
127.0,4,3,1,15,30.067802,31.213891,Zamalek,4111000
186.9,5,5,11,3,30.107027,31.350226,Heliopolis,3858000
161.4,4,3,3,6,30.06502,31.223669,Zamalek,6181000
206.5,5,4,2,17,29.959763,31.252842,Maadi,4052000
122.3,3,2,11,25,29.983857,30.92147,Sheikh Zayed,1389000
145.0,3,3,12,12,29.962136,31.260908,Maadi,3008000
173.1,3,3,4,8,30.065083,31.226503,Zamalek,5244000
293.9,8,5,17,1,30.001424,30.935699,Sheikh Zayed,7191000
110.5,3,3,17,19,29.981653,30.99103,Sheikh Zayed,2114000
157.3,4,4,12,27,30.060409,31.217216,Mohandeseen,2586000
105.6,3,2,16,18,30.051148,31.23512,Downtown,2722000
343.4,8,5,9,9,30.000309,30.959779,Sheikh Zayed,7050000
197.6,4,4,14,9,29.961018,31.277414,Maadi,4054000
366.5,8,5,17,26,30.07499,31.347927,Nasr City,4122000
356.1,8,5,1,10,30.063348,31.200255,Mohandeseen,6821000
62.7,1,1,2,19,30.051621,31.214329,Mohandeseen,941000
386.9,8,5,7,1,30.091919,31.340105,Heliopolis,9202000
152.4,3,3,7,10,30.076012,31.358107,Nasr City,1899000
102.5,2,1,1,8,29.989808,30.968535,Sheikh Zayed,1018000
123.2,3,3,18,25,30.045705,31.234784,Downtown,2783000
386.1,8,5,3,19,29.958221,31.275379,Maadi,4946000
148.2,3,3,15,2,30.069123,31.219847,Zamalek,7184000
125.2,2,1,10,20,30.059227,31.239179,Downtown,2749000
145.9,4,4,19,12,30.050012,31.247112,Downtown,3631000
124.1,3,2,14,16,30.042268,31.244412,Downtown,3249000
193.5,5,4,6,19,30.051881,31.219028,Mohandeseen,4194000
62.8,1,1,11,37,30.101165,31.350153,Heliopolis,683000
304.8,8,5,17,10,29.991488,30.937767,Sheikh Zayed,7559000
125.3,4,4,16,33,30.003527,31.499022,New Cairo,1571000
187.3,4,3,5,5,29.985281,30.982922,Sheikh Zayed,3580000
287.9,7,5,15,6,29.986336,30.945055,Sheikh Zayed,6604000
362.0,8,5,16,8,30.056411,31.214888,Mohandeseen,10856000
290.0,6,5,3,6,30.100432,31.341186,Heliopolis,6012000
209.7,6,5,4,0,30.050546,31.247727,Downtown,6927000
213.0,5,4,5,2,30.073783,31.220291,Zamalek,7987000
224.4,6,5,18,2,30.002197,31.481232,New Cairo,5853000
97.5,3,3,7,19,30.025255,31.429901,New Cairo,1374000
181.6,4,3,2,27,30.062455,31.350595,Nasr City,1390000
239.5,6,5,10,20,30.108941,31.332207,Heliopolis,3631000
376.0,8,5,3,12,30.064792,31.209985,Mohandeseen,7710000
164.1,5,4,19,32,30.017472,31.412684,New Cairo,1902000
200.9,5,4,1,4,29.9799,31.272524,Maadi,3348000
330.6,8,5,4,9,30.000476,31.409198,New Cairo,6989000
184.7,4,3,10,1,30.008624,30.93786,Sheikh Zayed,3780000
78.6,2,2,8,1,29.997011,30.994267,Sheikh Zayed,1570000
92.7,2,2,19,11,30.065824,31.325645,Nasr City,1318000
235.6,6,5,14,2,30.000226,30.930678,Sheikh Zayed,5132000
162.4,4,4,2,2,30.064833,31.206053,Mohandeseen,3192000
337.2,8,5,1,12,30.053394,31.249228,Downtown,9665000
363.2,8,5,16,1,30.067831,31.224266,Zamalek,24508000
327.9,8,5,15,6,30.094099,31.355738,Heliopolis,10114000
170.3,4,4,10,6,30.004099,30.991784,Sheikh Zayed,2161000
158.0,4,4,8,5,30.091988,31.355573,Heliopolis,3611000
68.3,2,2,1,8,29.999568,30.97817,Sheikh Zayed,923000
151.6,4,4,9,16,30.059551,31.335249,Nasr City,1662000
304.6,8,5,3,4,30.058304,31.212302,Mohandeseen,5222000
235.4,5,5,7,35,30.061336,31.207088,Mohandeseen,2601000
243.9,7,5,3,29,30.058882,31.236719,Downtown,4081000
102.7,3,2,6,11,30.099856,31.336224,Heliopolis,1742000
295.2,7,5,9,12,30.063185,31.32269,Nasr City,4961000
137.7,4,3,7,36,30.083551,31.349373,Heliopolis,1442000
328.7,8,5,5,8,30.05821,31.204627,Mohandeseen,7976000
158.6,3,2,12,7,30.067493,31.213659,Zamalek,6190000
177.6,4,4,18,27,30.06064,31.228804,Zamalek,5592000
65.3,2,1,4,7,30.06248,31.349867,Nasr City,846000
246.9,7,5,13,25,30.064201,31.217882,Zamalek,7594000
340.7,8,5,13,10,30.105463,31.351182,Heliopolis,6476000
195.7,5,5,10,5,30.055634,31.24518,Downtown,5790000
104.3,3,3,15,24,30.000076,30.978595,Sheikh Zayed,1453000
76.8,1,1,9,17,30.052425,31.202275,Mohandeseen,1555000
390.5,8,5,19,5,30.019004,31.41058,New Cairo,8479000
322.7,7,5,4,21,29.997902,30.946976,Sheikh Zayed,4448000
179.5,5,5,16,0,30.061265,31.212956,Mohandeseen,5216000
115.7,3,2,13,14,30.054577,31.248638,Downtown,3078000
326.8,8,5,2,31,30.109992,31.337322,Heliopolis,3710000
358.8,8,5,7,9,30.067949,31.321239,Nasr City,6122000
88.7,2,2,11,36,29.96056,31.262324,Maadi,952000
308.8,8,5,5,3,30.053766,31.234394,Downtown,12376000
345.3,8,5,9,17,30.068266,31.212172,Mohandeseen,7594000
99.7,2,1,19,9,30.078169,31.21209,Zamalek,4645000
397.0,8,5,16,25,29.98277,30.973921,Sheikh Zayed,7734000
345.4,8,5,4,3,30.073541,31.225445,Zamalek,20731000
305.8,7,5,3,6,30.071783,31.219088,Zamalek,12086000
198.1,6,5,8,25,29.951784,31.268327,Maadi,3565000
330.1,7,5,15,25,30.05067,31.231055,Downtown,7864000
151.2,3,3,19,8,30.042015,31.24415,Downtown,5383000
181.8,4,4,7,14,30.045142,31.248973,Downtown,4840000
378.9,8,5,7,6,29.963474,31.26712,Maadi,7010000
83.5,2,2,2,19,30.070658,31.228621,Zamalek,1782000
166.7,3,3,18,1,30.053661,31.243215,Downtown,5741000
250.7,6,5,3,1,30.055732,31.33763,Nasr City,4266000
144.2,4,3,14,7,30.059088,31.248213,Downtown,4500000
312.4,8,5,16,23,30.000542,31.448273,New Cairo,5589000
155.4,4,3,19,2,30.015895,31.428999,New Cairo,3070000
69.8,1,1,13,4,30.056778,31.230646,Downtown,2033000
324.6,8,5,5,23,30.062671,31.216212,Zamalek,12602000
157.9,3,2,19,0,29.966534,31.27126,Maadi,4578000
163.3,5,5,15,4,30.066027,31.352952,Nasr City,2572000
355.8,8,5,16,12,30.069602,31.219828,Zamalek,18595000
223.5,5,5,19,1,30.059734,31.242387,Downtown,7556000
161.5,4,3,1,4,29.971915,31.25121,Maadi,3273000
355.2,8,5,19,3,30.046809,31.24982,Downtown,12580000
236.9,6,5,6,7,29.99005,30.936583,Sheikh Zayed,4622000
179.3,5,5,16,1,30.043826,31.238148,Downtown,6567000
322.2,8,5,2,31,30.004325,30.998479,Sheikh Zayed,3997000
65.4,2,2,16,10,30.096885,31.339401,Heliopolis,1403000
333.5,8,5,3,6,30.063365,31.221633,Zamalek,13038000
102.8,3,2,15,5,29.965803,31.259728,Maadi,2296000
298.9,8,5,18,0,29.989842,30.972831,Sheikh Zayed,7471000
200.0,5,5,3,3,30.071817,31.228264,Zamalek,6908000
95.1,2,2,8,23,30.061712,31.213669,Zamalek,3071000
366.5,8,5,10,16,30.067302,31.22223,Zamalek,13313000
228.2,5,5,9,15,30.054906,31.321346,Nasr City,3327000
195.3,4,4,9,0,30.054459,31.246207,Downtown,6075000
66.1,1,1,10,8,30.003536,30.927464,Sheikh Zayed,1096000
322.2,8,5,8,17,29.986233,30.921622,Sheikh Zayed,7127000
133.1,2,1,6,74,30.072749,31.351745,Nasr City,585000
222.1,5,5,18,43,30.068597,31.207628,Mohandeseen,3252000
210.0,4,4,16,18,30.051172,31.248072,Downtown,4861000
313.1,8,5,13,12,30.057968,31.205692,Mohandeseen,7914000
326.9,8,5,13,2,29.994033,30.997446,Sheikh Zayed,7326000
75.3,2,1,7,1,30.058726,31.219246,Mohandeseen,1683000
127.1,3,3,9,11,30.041034,31.233171,Downtown,3788000
346.7,8,5,6,14,30.101117,31.349524,Heliopolis,6202000
208.6,5,5,18,13,29.991644,30.933661,Sheikh Zayed,4160000
230.1,5,5,18,5,29.967614,31.252,Maadi,6161000
391.7,8,5,12,1,30.06818,31.323585,Nasr City,8575000
313.7,7,5,4,13,29.963497,31.275751,Maadi,6136000
349.0,8,5,7,26,30.077016,31.218479,Zamalek,11839000
233.3,6,5,4,59,30.067005,31.219044,Zamalek,5528000
313.6,8,5,14,14,30.107236,31.342573,Heliopolis,8232000
165.2,3,3,13,5,30.062606,31.213982,Zamalek,6506000
229.0,6,5,3,6,30.101831,31.350078,Heliopolis,4579000
151.8,3,3,10,2,30.063782,31.211301,Mohandeseen,4004000
276.3,7,5,9,36,30.102168,31.335935,Heliopolis,3915000
385.3,8,5,13,34,30.088111,31.354106,Heliopolis,5921000
387.8,8,5,18,0,30.081572,31.357234,Heliopolis,7869000
299.7,7,5,7,46,29.950091,31.257438,Maadi,4275000
319.8,7,5,12,1,30.065985,31.217972,Mohandeseen,10676000
379.1,8,5,2,77,29.996669,30.933611,Sheikh Zayed,3741000
267.0,8,5,6,0,30.061924,31.218319,Mohandeseen,6117000
373.8,8,5,7,17,29.98958,30.940176,Sheikh Zayed,7547000
226.3,6,5,6,1,29.964627,31.270929,Maadi,5298000
325.7,8,5,7,1,29.9617,31.262198,Maadi,7390000
106.3,3,2,2,31,30.017576,31.467419,New Cairo,960000
352.2,8,5,6,25,30.074077,31.353828,Nasr City,3793000
200.5,5,4,16,1,30.051874,31.245441,Downtown,7831000
285.8,7,5,11,5,29.982376,30.959026,Sheikh Zayed,5668000
193.7,5,4,2,4,30.029979,31.426801,New Cairo,3020000
118.8,3,2,18,21,30.00655,30.937722,Sheikh Zayed,1426000
323.8,8,5,15,5,30.052901,31.214736,Mohandeseen,7226000
368.5,8,5,11,11,30.090433,31.345616,Heliopolis,7349000
316.0,8,5,12,10,30.062613,31.20159,Mohandeseen,10542000
277.7,8,5,1,12,30.107086,31.341835,Heliopolis,6501000
398.6,8,5,3,28,29.980612,30.968359,Sheikh Zayed,5206000
177.5,4,3,19,9,29.987203,30.991568,Sheikh Zayed,3908000
335.1,8,5,15,32,29.960744,31.261359,Maadi,5323000
153.7,3,3,17,8,30.093204,31.332734,Heliopolis,2882000
321.1,8,5,14,1,29.963223,31.264369,Maadi,10264000
129.2,3,3,2,8,30.012363,31.403561,New Cairo,2528000
64.4,1,1,18,24,30.078943,31.212719,Zamalek,1839000
245.6,5,5,16,10,30.017818,31.41484,New Cairo,5225000
334.8,8,5,17,6,29.997565,30.945252,Sheikh Zayed,8281000
165.2,4,4,12,0,30.073721,31.320476,Nasr City,2510000
220.2,6,5,9,26,30.089689,31.337118,Heliopolis,3168000
314.4,8,5,15,16,30.056439,31.345508,Nasr City,5907000
205.0,6,5,7,11,30.100745,31.3565,Heliopolis,4005000
340.0,8,5,12,7,30.057315,31.244488,Downtown,10277000
283.5,7,5,8,24,30.095307,31.359323,Heliopolis,4228000
393.9,8,5,11,1,30.051815,31.241987,Downtown,12429000
309.6,7,5,4,1,30.062471,31.212021,Zamalek,11110000
314.3,7,5,14,26,30.067225,31.214267,Zamalek,12583000
227.2,5,5,11,24,30.073759,31.325087,Nasr City,2246000
242.9,7,5,7,10,30.051112,31.34141,Nasr City,3108000
138.4,4,3,10,25,29.989586,30.933084,Sheikh Zayed,2105000
252.6,6,5,10,19,29.982633,30.973454,Sheikh Zayed,4377000
170.0,3,2,15,9,30.004735,31.476432,New Cairo,2752000
147.8,4,3,14,20,30.00846,31.421879,New Cairo,1867000
129.0,3,3,14,6,30.099639,31.351279,Heliopolis,2707000
318.2,8,5,3,4,29.99882,30.944119,Sheikh Zayed,6403000
171.9,4,4,19,7,30.101612,31.345346,Heliopolis,3467000
286.7,7,5,8,37,30.050983,31.21147,Mohandeseen,3943000
88.1,1,1,19,10,30.059845,31.243052,Downtown,2628000
372.8,8,5,17,17,30.069637,31.212487,Zamalek,20819000
141.2,4,3,14,19,30.066654,31.204017,Mohandeseen,3240000
280.7,7,5,13,3,30.002953,31.491681,New Cairo,5444000
173.2,4,4,14,13,30.058858,31.200684,Mohandeseen,4022000
245.8,6,5,6,0,30.062865,31.335973,Nasr City,3773000
393.4,8,5,9,10,29.951556,31.278267,Maadi,7888000
380.7,8,5,4,21,29.998202,30.970143,Sheikh Zayed,6805000
110.2,3,3,8,0,30.0561,31.23039,Downtown,3937000
224.2,6,5,12,8,30.067126,31.341083,Nasr City,3568000
230.8,6,5,14,2,30.083704,31.359402,Heliopolis,5544000
203.1,6,5,6,14,30.019307,31.408801,New Cairo,3140000
317.0,8,5,3,5,30.076203,31.215323,Zamalek,15608000
325.7,8,5,1,4,29.974723,31.25016,Maadi,5633000
69.0,2,1,18,6,30.023549,31.419203,New Cairo,1399000
213.2,4,4,17,13,29.972088,31.26714,Maadi,3705000
150.2,3,2,4,15,30.070621,31.334901,Nasr City,1711000
316.7,8,5,10,12,29.980342,30.975721,Sheikh Zayed,6917000
234.3,6,5,19,17,30.071175,31.222499,Zamalek,9927000
235.1,5,5,8,1,30.068639,31.218272,Mohandeseen,7490000
349.7,8,5,17,7,30.043232,31.232367,Downtown,13957000
157.5,4,4,19,0,30.045069,31.231485,Downtown,6051000
330.2,7,5,19,10,29.961459,31.266929,Maadi,8403000
185.1,4,4,18,4,30.057327,31.342414,Nasr City,3130000
96.5,3,3,12,3,30.062906,31.216326,Zamalek,3990000
204.4,5,5,3,10,30.065523,31.337294,Nasr City,2335000
167.1,4,4,18,42,30.071334,31.331826,Nasr City,1440000
373.6,8,5,16,10,29.96393,31.257602,Maadi,9219000
351.6,8,5,5,1,30.053202,31.246722,Downtown,12389000
326.6,8,5,1,3,30.066759,31.219397,Zamalek,16504000
309.4,8,5,5,24,30.060827,31.217578,Zamalek,8989000
84.1,2,1,8,10,30.026163,31.428894,New Cairo,1421000
113.8,2,2,6,6,30.027916,31.479968,New Cairo,1345000
135.7,4,4,18,11,30.066201,31.338441,Nasr City,1965000
196.7,5,5,12,4,30.061932,31.337125,Nasr City,2395000
364.3,8,5,11,8,30.062022,31.214196,Mohandeseen,10342000
145.8,4,4,18,23,30.010796,31.493876,New Cairo,2573000
127.4,4,3,6,7,30.067103,31.218143,Zamalek,5570000
123.0,3,2,1,15,30.046208,31.243122,Downtown,1856000
265.7,7,5,2,35,30.062759,31.215383,Mohandeseen,3622000
154.2,4,3,1,2,29.987977,30.955075,Sheikh Zayed,2648000
70.8,1,1,3,11,30.097709,31.35804,Heliopolis,957000
289.9,8,5,19,3,30.066217,31.229685,Zamalek,16500000
367.4,8,5,10,24,30.105117,31.332799,Heliopolis,6774000
358.1,8,5,16,10,30.058087,31.203239,Mohandeseen,12728000
293.6,8,5,5,12,29.973886,31.250113,Maadi,7129000
242.5,7,5,13,15,30.065981,31.335701,Nasr City,4279000
150.6,5,5,11,7,30.006709,30.950716,Sheikh Zayed,2962000
317.5,7,5,10,23,29.954622,31.268754,Maadi,6770000
228.7,6,5,18,17,30.100959,31.351118,Heliopolis,5217000
124.2,3,2,8,7,30.021509,31.487668,New Cairo,2027000
322.1,8,5,6,2,30.003246,30.930377,Sheikh Zayed,7677000
172.5,4,4,19,5,29.958404,31.254381,Maadi,2767000
134.7,4,4,16,7,30.071584,31.333447,Nasr City,2190000
398.9,8,5,6,26,30.066316,31.218696,Mohandeseen,5547000
309.0,8,5,10,14,30.055904,31.249381,Downtown,12341000
382.6,8,5,6,24,30.108303,31.332955,Heliopolis,5263000
329.0,8,5,8,0,30.005385,31.47656,New Cairo,8374000
179.5,4,3,11,12,30.068084,31.212043,Mohandeseen,3942000
333.7,8,5,13,19,29.95629,31.27654,Maadi,6029000
85.3,3,3,7,2,29.977138,31.26022,Maadi,2199000
320.4,8,5,5,3,30.062654,31.21952,Mohandeseen,8338000
295.9,8,5,3,0,30.029953,31.47524,New Cairo,4715000
170.4,4,4,16,12,30.044568,31.246444,Downtown,5709000
344.1,8,5,17,3,30.042269,31.240934,Downtown,12521000
126.0,3,3,18,11,30.004167,30.983308,Sheikh Zayed,2810000
353.4,8,5,8,10,30.096924,31.349618,Heliopolis,8078000
357.9,8,5,19,5,29.967342,31.261278,Maadi,12040000
336.3,8,5,7,1,30.097401,31.351591,Heliopolis,8443000
307.2,7,5,17,2,30.05053,31.237915,Downtown,13043000
162.3,3,2,17,11,30.053977,31.210168,Mohandeseen,3652000
298.6,7,5,10,5,30.057931,31.242828,Downtown,9705000
235.9,7,5,2,13,30.06205,31.357963,Nasr City,3103000
399.5,8,5,2,4,30.00774,30.94834,Sheikh Zayed,8621000
138.1,2,1,16,2,30.003134,31.423752,New Cairo,2146000
390.5,8,5,9,12,30.052694,31.203018,Mohandeseen,10145000
109.8,2,1,10,7,30.076138,31.346526,Nasr City,1450000
85.8,2,1,1,8,30.059153,31.205174,Mohandeseen,1724000
234.1,6,5,5,17,30.00652,30.936559,Sheikh Zayed,4111000
261.9,7,5,19,1,30.061209,31.347551,Nasr City,4741000
333.5,8,5,15,0,30.043726,31.231995,Downtown,14885000
276.8,7,5,5,2,30.10496,31.347155,Heliopolis,5249000
385.0,8,5,18,45,29.979412,31.266364,Maadi,6416000
217.6,5,4,1,5,30.054809,31.341781,Nasr City,2561000
339.7,8,5,10,15,30.055522,31.204349,Mohandeseen,8274000
169.6,4,4,13,33,30.002834,31.498888,New Cairo,1741000
136.7,2,2,9,16,29.968076,31.25214,Maadi,2363000
123.5,3,3,12,2,29.981323,30.951519,Sheikh Zayed,2107000
384.5,8,5,18,5,30.027976,31.424847,New Cairo,6932000
96.4,2,2,18,13,30.056656,31.231445,Downtown,2747000
301.4,7,5,4,10,30.074742,31.336086,Nasr City,5105000
113.0,2,1,16,6,29.971391,31.254731,Maadi,2249000
153.2,4,4,11,2,30.078314,31.352168,Nasr City,2256000
233.7,6,5,8,16,30.093378,31.33674,Heliopolis,4678000
187.7,5,4,10,4,30.05797,31.200383,Mohandeseen,5470000
327.9,8,5,9,22,30.066277,31.20987,Mohandeseen,7276000
219.0,5,5,11,53,30.057005,31.244127,Downtown,3461000
379.2,8,5,15,9,30.077535,31.335483,Nasr City,7735000
356.5,8,5,8,2,30.100861,31.333172,Heliopolis,9164000
370.6,8,5,3,37,29.96809,31.274092,Maadi,4270000
169.4,3,2,2,16,30.103472,31.345923,Heliopolis,2551000
168.1,4,4,8,46,30.059572,31.213982,Mohandeseen,2092000
126.5,3,2,6,12,29.98765,30.941004,Sheikh Zayed,2112000
264.1,6,5,13,7,30.051578,31.237854,Downtown,9489000
191.9,4,4,4,13,29.978442,31.252063,Maadi,4360000
222.0,5,5,17,1,30.068289,31.200413,Mohandeseen,6703000
161.3,4,3,17,1,30.099795,31.339572,Heliopolis,4242000
205.1,5,4,4,20,30.06596,31.352361,Nasr City,1967000
288.4,8,5,16,0,30.013527,31.435243,New Cairo,8014000
107.9,2,2,6,8,29.984404,30.95832,Sheikh Zayed,1742000
321.8,8,5,16,19,30.004148,31.496618,New Cairo,5460000
248.6,6,5,4,2,30.102445,31.34409,Heliopolis,5762000
307.0,8,5,3,15,30.060187,31.21066,Zamalek,12589000
236.0,7,5,10,6,30.02011,31.464243,New Cairo,4055000
321.3,7,5,19,4,30.079833,31.213948,Zamalek,20962000
379.3,8,5,12,16,30.054646,31.237108,Downtown,10476000
320.4,8,5,19,11,30.095432,31.337703,Heliopolis,9038000
195.7,5,5,5,7,30.020869,31.493789,New Cairo,3939000
280.0,6,5,17,1,30.02289,31.458458,New Cairo,6847000
149.9,4,3,1,40,30.089823,31.334075,Heliopolis,1559000
104.5,3,2,10,5,30.087695,31.347813,Heliopolis,1892000
241.4,5,4,18,4,30.075546,31.229142,Zamalek,13609000
230.6,5,5,10,29,29.964262,31.279834,Maadi,3871000
329.2,8,5,16,6,29.980364,30.939934,Sheikh Zayed,8945000
100.4,2,2,16,4,30.071891,31.352441,Nasr City,1771000
327.7,8,5,12,23,29.974456,31.252542,Maadi,7509000
353.4,8,5,2,12,30.059962,31.326198,Nasr City,4815000
184.6,5,4,7,0,29.992835,30.935799,Sheikh Zayed,3939000
257.1,6,5,13,10,29.962551,31.273357,Maadi,4639000
248.6,6,5,6,6,30.108084,31.331647,Heliopolis,5616000
121.3,3,2,12,1,30.024356,31.471891,New Cairo,2423000
330.0,8,5,9,3,30.105866,31.352282,Heliopolis,7456000
249.9,7,5,3,27,30.000007,31.416851,New Cairo,2067000
185.8,4,3,6,21,30.014146,31.414984,New Cairo,2562000
154.5,5,4,1,14,30.095957,31.332756,Heliopolis,2363000
280.0,7,5,4,25,30.003091,31.422745,New Cairo,3515000
88.1,3,2,17,3,29.982392,30.986962,Sheikh Zayed,1671000
158.4,3,3,4,4,29.995343,30.955212,Sheikh Zayed,3368000
180.2,5,4,11,20,30.065134,31.213338,Mohandeseen,3602000
392.4,8,5,6,29,30.000006,31.436243,New Cairo,5208000
314.9,7,5,10,55,30.07914,31.211209,Zamalek,9756000
346.6,8,5,19,6,29.9981,30.94496,Sheikh Zayed,6995000
289.6,7,5,3,5,30.064133,31.35275,Nasr City,4581000
343.9,8,5,18,8,30.007507,31.468694,New Cairo,7308000
266.5,7,5,14,0,30.099316,31.352888,Heliopolis,7741000
319.4,8,5,8,10,30.080965,31.348738,Heliopolis,8192000
94.3,2,1,8,41,29.997748,30.920965,Sheikh Zayed,661000
111.7,4,4,12,15,29.970167,31.25016,Maadi,2202000
130.8,3,2,13,1,30.027659,31.414077,New Cairo,2785000
161.9,4,4,14,3,29.950028,31.272715,Maadi,4346000
234.1,5,4,13,3,30.004636,30.99318,Sheikh Zayed,5127000
147.8,3,3,18,3,29.984444,30.972306,Sheikh Zayed,3659000
366.0,8,5,5,3,30.061735,31.21674,Zamalek,19185000
153.2,3,3,7,0,29.979355,31.267653,Maadi,4082000
320.8,8,5,14,14,30.051262,31.202157,Mohandeseen,9164000
135.2,3,2,12,28,30.104837,31.341485,Heliopolis,2068000
151.4,4,4,2,10,30.04816,31.234226,Downtown,3965000
135.7,3,3,3,5,30.005029,31.426288,New Cairo,1866000
287.4,8,5,8,0,30.069807,31.21366,Mohandeseen,8650000
304.3,7,5,2,28,30.068022,31.347273,Nasr City,2520000
225.4,6,5,14,12,30.016603,31.403186,New Cairo,5388000
371.1,8,5,14,33,30.076646,31.35419,Nasr City,3711000
141.7,3,2,8,11,30.055153,31.207325,Mohandeseen,3302000
366.5,8,5,7,26,29.962347,31.265564,Maadi,5996000
177.2,4,3,2,0,30.05455,31.209512,Mohandeseen,3995000
122.7,2,1,7,8,30.068799,31.349104,Nasr City,1419000
145.2,4,4,4,2,30.002897,31.401342,New Cairo,3108000
106.3,3,2,1,0,30.057773,31.234538,Downtown,2907000
286.8,7,5,19,13,29.986354,30.988089,Sheikh Zayed,6639000
114.3,2,2,16,2,30.080854,31.348881,Heliopolis,2543000
392.0,8,5,5,2,30.001161,30.943326,Sheikh Zayed,7665000
306.5,8,5,8,0,30.070912,31.224136,Zamalek,15017000
189.1,4,3,15,9,30.023987,31.458062,New Cairo,3747000
178.0,4,4,7,11,29.95642,31.264266,Maadi,2895000
104.1,3,3,13,27,30.068628,31.206449,Mohandeseen,1464000
73.8,2,1,9,0,30.097637,31.345042,Heliopolis,1685000
302.6,8,5,3,46,30.058426,31.23108,Downtown,5939000
213.5,5,4,19,58,30.002659,31.492223,New Cairo,3250000
265.3,7,5,15,9,30.074977,31.223344,Zamalek,12471000
96.8,2,2,14,2,30.050447,31.230144,Downtown,3416000
339.1,8,5,6,28,30.078225,31.226413,Zamalek,8603000
185.1,4,4,14,0,29.951396,31.25013,Maadi,4109000
155.6,5,5,8,11,30.069558,31.21447,Zamalek,7391000
328.7,8,5,17,4,30.05845,31.215731,Mohandeseen,10004000
356.6,8,5,13,1,30.02082,31.416641,New Cairo,9586000
371.8,8,5,6,20,30.06937,31.209109,Mohandeseen,7279000
237.1,6,5,1,17,30.083207,31.354633,Heliopolis,3874000
167.9,4,3,8,1,30.019013,31.488013,New Cairo,3606000
175.0,5,5,1,12,30.055488,31.325249,Nasr City,1914000
227.8,5,5,4,25,29.973306,31.273657,Maadi,2796000
177.8,3,2,12,33,30.057728,31.240834,Downtown,3223000
220.0,6,5,10,6,30.067999,31.218467,Zamalek,8344000
154.8,3,3,17,54,30.054593,31.330771,Nasr City,1441000
74.3,1,1,15,12,30.07851,31.322897,Nasr City,803000
297.3,7,5,4,12,29.985622,30.955858,Sheikh Zayed,4878000
313.6,7,5,6,6,30.022402,31.484692,New Cairo,4934000
88.2,2,2,2,16,29.972004,31.26166,Maadi,1120000
215.0,5,4,6,14,30.066873,31.21308,Zamalek,6831000
290.2,7,5,18,13,30.045681,31.247611,Downtown,8900000
336.9,8,5,6,0,30.07048,31.220101,Zamalek,18106000
236.9,6,5,15,2,30.052065,31.201042,Mohandeseen,7190000
254.5,7,5,19,3,30.063853,31.356414,Nasr City,5022000
180.8,4,4,7,22,30.087344,31.331483,Heliopolis,1944000
95.3,3,2,10,11,29.954235,31.250767,Maadi,1900000
268.1,6,5,2,13,29.958941,31.251052,Maadi,5602000
133.2,2,2,15,23,30.048635,31.23906,Downtown,3462000
146.1,4,4,13,8,30.099408,31.344824,Heliopolis,3070000
249.7,7,5,8,13,30.109764,31.332688,Heliopolis,5024000
258.1,6,5,6,20,29.972764,31.278593,Maadi,4301000
162.8,5,5,17,0,30.028787,31.459212,New Cairo,3959000
310.9,8,5,3,16,30.098694,31.344838,Heliopolis,5818000
114.2,3,2,19,12,29.967502,31.2725,Maadi,2158000
66.8,2,1,8,47,30.06182,31.214621,Zamalek,1360000
399.1,8,5,15,7,29.989301,30.940124,Sheikh Zayed,9047000
180.5,5,4,11,56,30.078037,31.212547,Zamalek,3337000
122.5,3,2,9,0,30.020336,31.447716,New Cairo,2145000
332.9,8,5,4,14,29.962274,31.257621,Maadi,5919000
66.1,1,1,4,1,30.064218,31.327748,Nasr City,861000
170.6,5,5,14,0,29.98919,30.973295,Sheikh Zayed,3481000
315.6,7,5,5,7,30.060226,31.218582,Mohandeseen,7336000
97.3,3,2,15,7,30.056067,31.214287,Mohandeseen,2074000
130.8,3,2,15,20,30.056596,31.334732,Nasr City,1571000
376.9,8,5,15,2,30.048391,31.239701,Downtown,15229000
381.3,8,5,9,9,30.049176,31.249673,Downtown,10196000
347.1,8,5,15,40,30.068642,31.220776,Zamalek,8710000
308.4,8,5,10,19,30.070249,31.224242,Zamalek,14712000
143.4,4,4,7,35,30.0643,31.214092,Zamalek,2790000
135.7,4,3,19,18,30.017025,31.495071,New Cairo,2202000
144.1,4,4,16,5,29.993677,30.925697,Sheikh Zayed,3112000
164.9,5,4,10,2,30.064493,31.226222,Zamalek,7563000
260.3,7,5,3,16,30.053485,31.342201,Nasr City,3110000
314.9,7,5,14,6,29.978505,31.267354,Maadi,8731000
138.6,3,2,10,17,30.067893,31.217449,Zamalek,4475000
238.3,7,5,9,0,30.098116,31.334359,Heliopolis,6271000
323.9,8,5,17,3,29.984962,30.982173,Sheikh Zayed,8979000
315.7,7,5,19,0,30.076638,31.213494,Zamalek,15139000
266.1,7,5,16,2,30.072931,31.213653,Zamalek,15106000
229.5,5,4,8,40,30.079305,31.34959,Nasr City,1650000
259.8,6,5,2,13,30.049449,31.243966,Downtown,5838000
60.7,2,1,6,16,30.004191,30.933132,Sheikh Zayed,796000
230.8,7,5,11,19,30.061701,31.2144,Zamalek,5721000
365.1,8,5,9,6,30.02458,31.41307,New Cairo,7191000
145.8,3,3,17,15,30.062324,31.341027,Nasr City,1675000
380.4,8,5,12,2,29.959029,31.266181,Maadi,9805000
100.1,3,2,11,15,30.043118,31.244445,Downtown,2808000
206.1,5,4,19,46,30.083857,31.350924,Heliopolis,2627000
122.6,2,2,14,3,29.951796,31.27885,Maadi,2700000
232.3,7,5,7,33,30.073018,31.219505,Zamalek,5785000
237.7,6,5,16,13,30.077782,31.228757,Zamalek,12089000
302.1,8,5,5,1,30.063479,31.331484,Nasr City,5260000
336.8,8,5,17,1,30.020188,31.443245,New Cairo,8278000
389.6,8,5,14,28,30.059444,31.214539,Mohandeseen,8298000
212.9,5,4,14,40,29.961236,31.252423,Maadi,3118000
197.8,4,4,12,21,30.019345,31.423445,New Cairo,2468000
91.2,3,2,16,11,29.989082,30.959569,Sheikh Zayed,1865000
103.5,2,1,15,13,30.075797,31.223125,Zamalek,3144000
280.2,8,5,11,2,30.013008,31.48069,New Cairo,7826000
362.6,8,5,12,1,30.049903,31.242184,Downtown,16036000
290.7,6,5,13,8,30.053201,31.356928,Nasr City,4092000
256.2,7,5,3,3,30.055503,31.238662,Downtown,8153000
170.1,5,5,17,44,30.074773,31.334066,Nasr City,1536000
135.7,4,3,11,43,30.078515,31.213253,Zamalek,3638000
167.1,4,3,2,6,30.077829,31.213318,Zamalek,5848000
370.4,8,5,10,2,30.067788,31.218231,Zamalek,18802000
253.6,7,5,12,6,30.058997,31.328554,Nasr City,4667000
104.4,3,3,5,24,30.002107,31.468896,New Cairo,1207000
182.2,5,5,5,4,30.061282,31.210661,Mohandeseen,3712000
245.8,6,5,11,44,30.019245,31.487692,New Cairo,2336000
141.8,4,4,15,9,30.02582,31.452182,New Cairo,3067000
376.6,8,5,18,0,29.999975,30.925734,Sheikh Zayed,10499000
342.6,8,5,1,0,30.048314,31.244566,Downtown,13015000
92.0,2,1,12,38,30.073259,31.342977,Nasr City,723000
380.4,8,5,12,10,30.103182,31.335052,Heliopolis,9093000
67.8,1,1,5,24,30.059764,31.236927,Downtown,1221000
186.6,4,4,17,4,30.00162,30.923884,Sheikh Zayed,4209000
91.0,1,1,6,3,30.061041,31.207148,Mohandeseen,2161000
198.8,5,4,13,25,30.079923,31.216591,Zamalek,6099000
232.2,6,5,4,9,30.073083,31.32421,Nasr City,3403000
330.1,7,5,15,9,30.05629,31.214004,Mohandeseen,10462000
63.8,1,1,14,1,30.081381,31.340591,Heliopolis,1574000
159.4,4,3,10,29,30.028592,31.442343,New Cairo,1529000
358.0,8,5,16,21,30.013179,31.474608,New Cairo,5910000
71.8,3,3,6,15,30.027065,31.450835,New Cairo,838000
323.7,8,5,10,17,30.051264,31.233245,Downtown,10115000
183.9,5,4,17,3,30.082529,31.348601,Heliopolis,4436000
219.6,5,4,7,25,30.04324,31.24479,Downtown,3674000
165.3,5,5,18,16,30.100163,31.337566,Heliopolis,3184000
366.7,8,5,8,6,30.061607,31.204509,Mohandeseen,10275000
346.7,8,5,12,17,30.078808,31.22109,Zamalek,13517000
155.2,3,3,15,5,30.053989,31.212676,Mohandeseen,2995000
396.7,8,5,9,20,30.105031,31.340549,Heliopolis,8246000
271.4,6,5,15,27,30.009813,31.448806,New Cairo,4463000
395.9,8,5,16,92,30.055418,31.321537,Nasr City,3311000
75.0,3,3,17,8,30.063359,31.208588,Mohandeseen,1697000
94.7,2,1,8,4,30.065934,31.22684,Zamalek,3572000
150.8,4,3,17,16,30.07504,31.342336,Nasr City,2017000
357.9,8,5,6,3,30.106228,31.33513,Heliopolis,7961000
287.2,7,5,11,49,29.960442,31.260395,Maadi,4126000
365.0,8,5,1,6,30.056584,31.237997,Downtown,11115000
152.8,3,2,15,13,30.056241,31.332954,Nasr City,2224000
111.0,2,1,7,1,30.052776,31.206001,Mohandeseen,2585000
75.0,1,1,18,4,30.054906,31.219316,Mohandeseen,1660000
136.7,4,3,8,3,30.075594,31.330161,Nasr City,1531000
215.7,5,5,1,6,30.052328,31.200778,Mohandeseen,5080000
77.4,3,2,14,1,30.053245,31.340355,Nasr City,1426000
79.9,1,1,18,19,30.09993,31.333919,Heliopolis,1442000
256.9,6,5,9,43,30.046275,31.238852,Downtown,4897000
320.5,7,5,3,4,29.970666,31.277711,Maadi,7219000
166.3,4,4,16,7,30.063398,31.217661,Zamalek,5628000
332.3,8,5,3,8,30.025274,31.459664,New Cairo,5445000
153.1,4,3,15,22,30.029039,31.432006,New Cairo,2356000
321.5,8,5,11,6,30.064882,31.22458,Zamalek,16839000
107.3,2,1,6,1,29.993027,30.930818,Sheikh Zayed,1882000
213.0,6,5,12,3,30.005981,31.442543,New Cairo,4859000
306.4,7,5,4,13,29.963087,31.279425,Maadi,7018000
63.7,1,1,13,14,30.075757,31.215078,Zamalek,2302000
212.5,6,5,8,31,30.012636,31.483957,New Cairo,2680000
274.0,7,5,7,27,29.988908,30.983319,Sheikh Zayed,3445000
374.7,8,5,12,11,29.971123,31.257803,Maadi,9361000
211.7,6,5,8,1,30.070211,31.32031,Nasr City,2904000
334.8,8,5,1,10,30.014875,31.493042,New Cairo,5585000
366.2,8,5,19,5,30.028793,31.463307,New Cairo,11073000
201.0,4,4,18,2,30.062438,31.200499,Mohandeseen,6164000
206.5,5,4,14,9,29.996829,30.931408,Sheikh Zayed,3258000
174.4,5,5,13,17,30.086371,31.355728,Heliopolis,3427000
342.2,8,5,15,11,30.064459,31.218143,Zamalek,14938000
192.3,5,5,4,7,30.010303,31.44009,New Cairo,3279000
380.7,8,5,18,24,29.984099,30.947811,Sheikh Zayed,6882000
152.0,5,5,17,32,30.073525,31.216818,Zamalek,4538000
180.8,4,3,1,10,30.065084,31.344848,Nasr City,1764000
273.4,7,5,5,28,30.070576,31.320715,Nasr City,2097000
333.4,8,5,8,4,30.097295,31.358915,Heliopolis,8298000
193.6,6,5,12,10,29.997823,30.976652,Sheikh Zayed,3745000
213.7,5,4,15,9,30.066032,31.222256,Zamalek,9899000
306.2,8,5,16,14,30.061296,31.217219,Mohandeseen,9372000
226.7,5,5,9,4,30.006093,30.954562,Sheikh Zayed,4288000
261.9,6,5,14,4,29.963309,31.252611,Maadi,7457000
72.5,3,2,18,12,30.056111,31.20991,Mohandeseen,1609000
303.1,8,5,14,0,30.065689,31.213574,Mohandeseen,10089000
386.9,8,5,17,25,30.002767,30.941264,Sheikh Zayed,7115000
283.1,7,5,9,44,30.074169,31.335102,Nasr City,2263000
276.2,8,5,3,1,29.975152,31.275665,Maadi,7115000
68.5,2,1,18,18,30.088801,31.354574,Heliopolis,1226000
82.2,1,1,14,1,30.055211,31.239711,Downtown,2184000
155.7,3,2,11,18,30.06045,31.227129,Zamalek,3990000
272.0,7,5,1,64,30.056422,31.2387,Downtown,3847000
190.2,5,5,18,25,30.057184,31.211608,Mohandeseen,4132000
383.4,8,5,18,0,30.05337,31.209118,Mohandeseen,12827000
399.5,8,5,14,22,30.057107,31.211485,Mohandeseen,10169000
383.4,8,5,17,32,30.022444,31.499225,New Cairo,4302000
165.3,4,3,8,3,30.054927,31.329472,Nasr City,1899000
314.5,7,5,6,0,30.054585,31.236577,Downtown,9298000
157.1,5,4,9,0,30.085043,31.333524,Heliopolis,4016000
366.5,8,5,3,10,30.052132,31.206912,Mohandeseen,8981000
262.1,6,5,2,3,30.000477,31.45369,New Cairo,4128000
199.0,4,4,2,17,30.065055,31.216228,Zamalek,7908000
391.1,8,5,10,4,30.062599,31.219934,Zamalek,19467000
164.3,4,4,19,18,30.062469,31.212888,Mohandeseen,3204000
321.3,8,5,19,77,29.951149,31.254868,Maadi,5831000
74.5,1,1,17,11,30.06716,31.214735,Mohandeseen,1494000
355.0,8,5,6,43,30.050346,31.231488,Downtown,5422000
252.2,6,5,16,16,29.971201,31.276791,Maadi,5477000
97.5,2,1,19,64,30.08918,31.333823,Heliopolis,1227000
114.4,3,3,13,12,30.101446,31.351843,Heliopolis,2320000
311.4,8,5,12,8,30.056926,31.243404,Downtown,11538000
122.2,3,2,15,1,29.970195,31.279916,Maadi,2703000
187.0,6,5,6,1,30.101779,31.331552,Heliopolis,4692000
298.8,8,5,7,21,30.013022,31.455847,New Cairo,4252000
135.3,4,3,16,8,30.051733,31.24819,Downtown,4645000
338.1,8,5,8,41,30.053295,31.200843,Mohandeseen,5950000
399.7,8,5,7,13,30.075568,31.211867,Zamalek,16265000
93.2,3,3,6,8,30.050535,31.237228,Downtown,2317000
166.8,5,5,16,11,30.078624,31.356094,Nasr City,2564000
100.8,3,2,11,23,30.075163,31.228212,Zamalek,2976000
303.6,7,5,5,9,30.050998,31.329643,Nasr City,4245000
333.1,8,5,2,29,29.964718,31.256501,Maadi,4256000
386.0,8,5,2,13,30.047001,31.238881,Downtown,10920000
229.7,5,4,13,1,30.057914,31.243836,Downtown,9855000
398.5,8,5,5,1,29.962443,31.275697,Maadi,9267000
129.1,4,3,18,67,29.976222,31.279934,Maadi,1871000
293.3,7,5,4,1,30.002119,30.956035,Sheikh Zayed,5884000
67.1,2,1,18,17,30.066967,31.323099,Nasr City,780000
322.4,8,5,10,9,30.082725,31.333868,Heliopolis,6412000
148.8,4,3,7,2,30.041968,31.236546,Downtown,4278000
384.4,8,5,12,51,30.076943,31.216195,Zamalek,12037000
365.4,8,5,12,1,30.007732,31.47518,New Cairo,8408000
186.8,5,5,12,7,30.050566,31.213906,Mohandeseen,4404000
153.5,3,2,8,7,29.992873,30.997424,Sheikh Zayed,2476000
381.9,8,5,15,48,30.001134,31.497763,New Cairo,5765000
388.9,8,5,7,17,30.1016,31.332549,Heliopolis,7351000
392.9,8,5,15,3,30.067484,31.205269,Mohandeseen,14075000
84.7,3,2,2,1,30.048004,31.241538,Downtown,2090000
68.9,1,1,3,4,30.028731,31.403016,New Cairo,967000
244.9,7,5,12,23,30.022573,31.420884,New Cairo,3971000
347.1,8,5,14,1,30.05792,31.219665,Mohandeseen,9815000
138.8,3,2,18,11,30.057983,31.244532,Downtown,2872000
208.6,4,3,5,3,30.003761,31.41896,New Cairo,3727000
205.6,5,4,6,15,30.05945,31.231365,Downtown,4203000
197.5,6,5,18,8,30.053422,31.230648,Downtown,6677000
272.7,6,5,2,24,30.041077,31.231393,Downtown,4401000
152.8,3,3,10,28,29.998494,30.934921,Sheikh Zayed,1704000
175.6,5,4,18,4,30.059589,31.245945,Downtown,7089000
348.9,8,5,1,46,30.023198,31.493241,New Cairo,3275000
338.8,8,5,10,9,30.074062,31.351558,Nasr City,5015000
340.0,8,5,18,38,30.058081,31.359563,Nasr City,4141000
130.3,4,3,4,5,29.986966,30.9903,Sheikh Zayed,2158000
266.7,6,5,9,13,30.028826,31.467019,New Cairo,4889000
131.1,3,3,17,22,30.002102,30.975217,Sheikh Zayed,2159000
289.0,7,5,15,10,30.065653,31.216771,Mohandeseen,7851000
188.1,5,5,14,3,30.066876,31.222281,Zamalek,9708000
154.1,3,3,16,27,30.043671,31.238493,Downtown,3399000
265.9,7,5,4,28,30.070371,31.222077,Zamalek,8397000
299.0,8,5,9,8,30.051865,31.234668,Downtown,9793000
78.1,3,2,8,24,30.043232,31.235857,Downtown,1309000
119.7,3,3,8,30,30.057236,31.248676,Downtown,2278000
179.6,4,4,7,10,30.069832,31.219664,Mohandeseen,3432000
61.7,2,1,6,1,30.061467,31.213917,Zamalek,2966000
174.3,4,3,8,9,30.05771,31.354008,Nasr City,1967000
97.8,2,2,11,51,29.973154,31.276947,Maadi,989000
319.2,7,5,4,1,30.05348,31.232668,Downtown,10649000
95.5,2,1,3,22,30.055523,31.240701,Downtown,1909000
295.9,7,5,14,47,30.088984,31.359707,Heliopolis,3391000
93.9,3,2,1,0,29.960897,31.268319,Maadi,1957000
253.7,6,5,11,1,30.106542,31.354467,Heliopolis,6634000
225.9,7,5,7,3,30.097937,31.353405,Heliopolis,5319000
87.7,1,1,10,7,30.079652,31.338792,Nasr City,1136000
228.7,6,5,5,43,30.05179,31.23689,Downtown,3637000
219.3,6,5,9,8,29.970084,31.250515,Maadi,4992000
166.7,5,5,5,8,30.055645,31.320332,Nasr City,2255000
364.0,8,5,2,0,30.062829,31.201365,Mohandeseen,10501000
370.1,8,5,1,63,30.067648,31.219131,Mohandeseen,3955000
294.1,8,5,7,17,30.054,31.219466,Mohandeseen,7254000
285.1,7,5,1,2,30.055799,31.231285,Downtown,8368000
371.5,8,5,10,46,30.049934,31.237872,Downtown,8522000
217.7,6,5,9,14,30.08458,31.354917,Heliopolis,4098000
203.0,6,5,5,7,30.0474,31.235696,Downtown,6138000
353.9,8,5,16,0,30.072442,31.323661,Nasr City,7572000
226.5,6,5,1,26,30.067576,31.213637,Mohandeseen,3608000
285.6,8,5,12,13,30.043125,31.240711,Downtown,9320000
243.0,6,5,1,5,30.070811,31.213796,Zamalek,9993000
390.2,8,5,19,31,29.956419,31.279161,Maadi,5700000
120.7,2,1,16,18,30.073811,31.22093,Zamalek,4251000
218.4,6,5,10,9,30.097808,31.33802,Heliopolis,4719000
281.6,6,5,10,0,29.959549,31.261041,Maadi,7465000
143.1,4,3,4,36,30.056959,31.324846,Nasr City,1014000
256.1,7,5,18,9,30.075821,31.219358,Zamalek,15391000
110.9,2,2,18,30,29.979102,31.277798,Maadi,1551000
396.6,8,5,7,4,29.95653,31.254101,Maadi,12529000
132.1,3,3,18,16,30.050921,31.238019,Downtown,4038000
187.3,4,4,15,26,29.975593,31.256593,Maadi,2970000
253.9,6,5,5,5,30.095487,31.350991,Heliopolis,5177000
105.6,2,1,14,21,30.076802,31.226134,Zamalek,2773000
136.4,3,2,13,1,30.058065,31.207482,Mohandeseen,4195000
113.6,3,3,11,8,29.994043,30.998908,Sheikh Zayed,2515000
176.2,4,4,5,4,30.077465,31.35314,Nasr City,2012000
60.4,2,2,9,3,30.063065,31.201074,Mohandeseen,1223000
125.7,3,3,15,0,30.006677,30.973238,Sheikh Zayed,2597000
381.6,8,5,5,24,30.059191,31.338801,Nasr City,4584000
285.2,7,5,10,17,30.062748,31.217626,Mohandeseen,4435000
317.0,8,5,1,34,30.061572,31.351164,Nasr City,2465000
104.5,3,3,17,10,30.056218,31.210075,Mohandeseen,2528000
177.3,4,4,19,1,29.98481,30.926837,Sheikh Zayed,4788000
133.6,3,2,14,21,30.078438,31.348673,Nasr City,1410000
226.5,5,5,18,1,30.080944,31.350864,Heliopolis,7175000
280.8,7,5,6,7,30.003797,31.438562,New Cairo,3973000
265.2,7,5,11,2,29.953015,31.272145,Maadi,8163000
112.9,3,2,9,42,29.986051,30.944782,Sheikh Zayed,1131000
73.6,2,2,9,1,30.058607,31.332881,Nasr City,818000
304.4,7,5,7,18,29.967035,31.279311,Maadi,6028000
319.8,8,5,13,7,30.004969,31.420407,New Cairo,7476000
83.6,1,1,1,42,30.105496,31.355348,Heliopolis,709000
62.7,2,1,2,4,30.052066,31.243378,Downtown,1404000
96.5,3,3,10,9,30.006553,31.460295,New Cairo,1955000
258.2,6,5,2,20,30.055887,31.215266,Mohandeseen,4052000
103.5,2,2,13,4,29.991213,30.987685,Sheikh Zayed,2154000
118.8,3,2,12,13,29.972022,31.265448,Maadi,2400000
145.2,3,2,19,19,30.042174,31.245041,Downtown,4138000
305.4,7,5,11,2,30.055945,31.23914,Downtown,10040000
277.7,7,5,10,37,30.073355,31.322255,Nasr City,2360000
302.0,7,5,9,2,30.000622,31.403158,New Cairo,7834000
341.7,8,5,11,7,30.071192,31.223699,Zamalek,17088000
147.9,4,3,15,13,30.058464,31.244962,Downtown,4709000
319.4,8,5,10,10,29.982843,30.945727,Sheikh Zayed,8225000
186.4,4,4,1,2,30.001632,31.465666,New Cairo,2896000
286.9,7,5,4,14,30.068397,31.222266,Zamalek,12088000
154.1,5,4,1,5,30.004848,31.482298,New Cairo,3044000
187.9,5,4,18,2,30.077733,31.350493,Nasr City,3980000
109.3,2,2,4,0,29.991687,30.975308,Sheikh Zayed,1745000
182.1,4,4,6,23,30.079108,31.218273,Zamalek,6234000
315.0,7,5,7,7,29.957326,31.262921,Maadi,8686000
337.8,8,5,6,1,30.069458,31.225007,Zamalek,16584000
261.4,6,5,5,82,29.985358,30.998594,Sheikh Zayed,2357000
109.9,3,3,14,14,30.078665,31.213914,Zamalek,3838000
110.6,3,2,12,2,30.067466,31.21835,Zamalek,5486000
294.0,8,5,10,4,29.976756,31.279135,Maadi,6553000
212.9,5,5,7,32,29.952517,31.2655,Maadi,2469000
103.1,2,1,6,24,30.018736,31.446807,New Cairo,921000
349.4,8,5,19,2,30.067062,31.207999,Mohandeseen,12505000
286.2,8,5,1,2,30.06931,31.210539,Mohandeseen,8896000
271.9,7,5,2,3,30.002654,30.9843,Sheikh Zayed,4993000
84.4,2,2,2,46,30.075672,31.223198,Zamalek,2073000
199.9,5,4,18,8,30.077438,31.217905,Zamalek,8220000
152.3,3,2,9,29,30.061925,31.211489,Mohandeseen,1810000
257.9,7,5,16,51,30.059923,31.232331,Downtown,5319000
187.8,5,4,15,17,30.019368,31.471161,New Cairo,3588000
379.4,8,5,14,8,29.995584,30.970559,Sheikh Zayed,8653000
329.0,8,5,5,0,30.085096,31.338559,Heliopolis,9333000
299.8,8,5,6,3,30.003315,31.482949,New Cairo,6755000
89.0,2,1,12,5,30.092623,31.351201,Heliopolis,2098000
306.8,8,5,9,9,30.109296,31.331494,Heliopolis,7334000
140.6,3,3,14,14,30.064752,31.220065,Zamalek,4550000
355.2,8,5,13,19,30.054826,31.345306,Nasr City,4932000
122.5,3,2,8,28,30.051533,31.207111,Mohandeseen,1686000
62.1,1,1,3,35,30.070368,31.211499,Zamalek,1060000
112.8,2,1,13,9,30.071442,31.222318,Zamalek,3853000
382.2,8,5,16,25,29.968529,31.279841,Maadi,6626000
311.4,7,5,9,15,29.975411,31.266202,Maadi,6948000
143.8,4,4,10,20,30.061199,31.212628,Mohandeseen,2529000
128.3,3,3,10,4,30.069512,31.215988,Zamalek,4339000
74.4,2,1,5,8,30.052689,31.246554,Downtown,2213000
184.8,4,3,1,2,30.096816,31.35944,Heliopolis,3018000
111.2,4,3,3,12,30.051268,31.34347,Nasr City,1189000
116.4,2,1,9,6,30.098041,31.348299,Heliopolis,2332000
189.7,5,5,17,11,29.976478,31.278333,Maadi,4243000
337.8,8,5,8,43,30.055458,31.203393,Mohandeseen,4788000
360.1,8,5,14,6,30.029066,31.469497,New Cairo,6943000
391.7,8,5,13,2,30.072656,31.328582,Nasr City,7106000
172.1,4,3,18,5,30.086026,31.353228,Heliopolis,4480000
66.2,2,2,13,0,30.050912,31.20689,Mohandeseen,1948000
208.4,5,5,4,6,30.066273,31.358352,Nasr City,3029000
295.4,8,5,17,6,30.063415,31.227336,Zamalek,14165000
299.1,7,5,8,14,30.092359,31.349614,Heliopolis,5268000
296.9,8,5,16,21,30.057884,31.321809,Nasr City,3448000
207.5,4,3,18,9,29.995907,30.941122,Sheikh Zayed,5002000
261.7,7,5,17,5,30.051538,31.335827,Nasr City,5427000
79.9,2,1,11,26,30.064517,31.215806,Mohandeseen,1074000
202.5,5,4,14,1,29.951378,31.253348,Maadi,4324000
376.0,8,5,17,41,30.079098,31.229178,Zamalek,10882000
195.0,6,5,16,82,30.095245,31.340356,Heliopolis,2955000
181.2,5,4,6,5,29.995026,30.938536,Sheikh Zayed,2836000
110.4,3,2,9,3,29.977795,31.250966,Maadi,2414000
131.3,3,2,2,21,30.073925,31.214779,Zamalek,3655000
97.2,2,1,2,2,30.074529,31.214149,Zamalek,2746000
377.0,8,5,4,55,30.079246,31.214699,Zamalek,10435000
208.3,5,4,17,4,29.965229,31.259467,Maadi,6046000
175.1,4,3,12,27,30.050938,31.218955,Mohandeseen,2399000
303.7,8,5,3,0,30.074773,31.229176,Zamalek,14007000
207.0,5,4,9,2,30.062558,31.354008,Nasr City,3331000
203.3,6,5,13,7,30.013419,31.479017,New Cairo,4459000
385.3,8,5,15,5,29.987032,30.962601,Sheikh Zayed,9784000
81.2,2,1,17,7,30.076763,31.216263,Zamalek,3002000
235.7,5,4,17,27,30.072316,31.222676,Zamalek,8270000
66.8,1,1,16,1,29.956831,31.252967,Maadi,1499000
127.2,3,3,18,12,29.970446,31.260171,Maadi,2179000
171.9,4,4,9,15,30.024968,31.445932,New Cairo,3253000
165.8,4,4,1,8,30.002316,30.98851,Sheikh Zayed,2338000
144.2,3,2,9,24,30.009525,30.985922,Sheikh Zayed,1481000
243.6,5,4,4,10,30.007036,30.940867,Sheikh Zayed,4290000
104.7,3,3,7,23,30.061827,31.204597,Mohandeseen,1820000
189.7,4,3,4,33,30.073042,31.224751,Zamalek,4459000
66.0,2,1,15,24,30.063586,31.226262,Zamalek,2468000
319.8,7,5,10,1,29.964822,31.260818,Maadi,9534000
81.7,2,1,1,41,30.07448,31.22102,Zamalek,1686000
223.6,5,4,12,66,30.053177,31.237308,Downtown,3162000
296.0,8,5,12,6,30.05903,31.242746,Downtown,10571000
72.6,1,1,5,9,30.00233,31.495973,New Cairo,1024000
156.9,4,4,4,18,30.057679,31.215418,Mohandeseen,2885000
323.3,8,5,10,1,30.028052,31.4291,New Cairo,5294000
191.9,5,4,9,7,30.05459,31.234141,Downtown,6147000
316.7,7,5,7,7,30.051525,31.246629,Downtown,10771000
146.3,4,4,15,1,30.021152,31.454354,New Cairo,2865000
396.8,8,5,3,3,30.090833,31.352586,Heliopolis,9869000
211.5,4,3,14,9,30.079993,31.217775,Zamalek,10974000
220.2,5,5,4,12,30.063842,31.225869,Zamalek,8066000
397.1,8,5,19,4,30.048752,31.247122,Downtown,18859000
284.9,7,5,9,0,29.99213,30.982779,Sheikh Zayed,5897000
115.8,2,1,14,39,30.051035,31.245927,Downtown,2034000
169.0,4,3,19,3,30.054848,31.328264,Nasr City,2563000
375.5,8,5,4,7,30.087301,31.333876,Heliopolis,8046000
288.1,8,5,4,4,30.070955,31.211664,Zamalek,13021000
389.6,8,5,5,30,30.011713,31.438137,New Cairo,5026000
163.4,4,3,16,0,30.067783,31.204384,Mohandeseen,5207000
379.8,8,5,5,11,30.066226,31.204329,Mohandeseen,10978000
77.9,1,1,13,14,30.040672,31.237939,Downtown,2186000
249.1,6,5,17,3,29.993676,30.99626,Sheikh Zayed,6526000
194.6,5,5,19,11,29.966135,31.273422,Maadi,4534000
196.1,5,5,15,8,30.023218,31.497182,New Cairo,2951000
67.3,3,3,16,0,30.064743,31.214701,Zamalek,3569000
113.1,2,1,11,13,30.057187,31.201148,Mohandeseen,2183000
123.5,2,2,6,10,29.980553,30.931836,Sheikh Zayed,2222000
165.1,5,4,13,20,30.079803,31.229996,Zamalek,5158000
313.9,7,5,7,9,29.988946,30.987609,Sheikh Zayed,5444000
289.1,7,5,16,30,30.092535,31.346794,Heliopolis,5653000
108.8,3,2,4,28,30.072555,31.337988,Nasr City,1019000
95.5,2,2,11,7,29.985558,30.948425,Sheikh Zayed,1855000
278.6,7,5,16,4,30.000043,31.455996,New Cairo,6785000
305.9,7,5,11,3,29.985407,30.921249,Sheikh Zayed,7192000
220.2,6,5,9,33,30.077231,31.213281,Zamalek,4155000
79.0,3,2,11,17,29.981567,30.96274,Sheikh Zayed,1343000
328.4,8,5,16,5,30.003831,30.959238,Sheikh Zayed,8769000
228.6,6,5,5,2,29.97838,31.271357,Maadi,4585000
206.3,5,4,2,12,30.044938,31.249543,Downtown,4821000
364.0,8,5,1,3,30.05951,31.328539,Nasr City,6415000
166.9,3,2,17,20,30.00665,31.421992,New Cairo,2303000
374.6,8,5,3,3,30.084078,31.342739,Heliopolis,7783000
341.5,8,5,11,4,29.952426,31.269705,Maadi,8386000
183.8,4,4,11,1,30.065538,31.214978,Zamalek,8778000
168.2,3,2,1,1,30.049899,31.246385,Downtown,4253000
226.6,5,4,5,18,30.067774,31.220623,Zamalek,6451000
321.2,8,5,11,41,30.06811,31.221375,Zamalek,9629000
133.3,3,2,18,21,29.962828,31.27458,Maadi,2624000
88.8,3,3,17,4,30.045057,31.242577,Downtown,3106000
127.8,3,2,14,57,30.017846,31.485058,New Cairo,1340000
388.4,8,5,9,2,30.091878,31.338144,Heliopolis,9027000
368.9,8,5,9,13,30.087628,31.33777,Heliopolis,7396000
122.1,4,3,4,4,30.079475,31.217943,Zamalek,3950000
108.5,2,1,4,7,30.004106,31.46876,New Cairo,1677000
288.4,7,5,16,1,30.055087,31.234421,Downtown,11653000
204.9,4,3,8,9,30.060623,31.202928,Mohandeseen,4622000
328.9,8,5,9,30,30.051445,31.217518,Mohandeseen,3890000
316.0,8,5,8,16,29.973962,31.257713,Maadi,7035000
75.1,2,1,15,10,30.019634,31.452752,New Cairo,1142000
177.6,5,4,3,9,29.963986,31.269638,Maadi,3119000
327.2,8,5,12,9,30.050772,31.200356,Mohandeseen,7374000
159.3,5,4,16,17,30.067902,31.32491,Nasr City,2061000
191.3,4,4,18,14,30.105144,31.345472,Heliopolis,4162000
295.1,6,5,13,13,30.106643,31.344206,Heliopolis,5959000
317.9,8,5,16,3,29.983112,30.947473,Sheikh Zayed,9038000
122.9,2,2,12,26,30.067743,31.334323,Nasr City,1299000
131.6,4,4,7,30,30.090107,31.348591,Heliopolis,1626000
111.2,2,2,1,3,29.987162,30.993411,Sheikh Zayed,1685000
386.0,8,5,17,28,30.101087,31.332602,Heliopolis,6910000
300.5,7,5,9,15,30.090522,31.338202,Heliopolis,5400000
326.4,8,5,12,8,30.044455,31.243069,Downtown,13152000
129.5,3,2,4,21,30.073011,31.217897,Zamalek,4001000
172.9,3,3,10,7,30.052072,31.216741,Mohandeseen,4772000
63.3,1,1,1,1,30.05155,31.211865,Mohandeseen,1280000
151.0,3,3,4,37,29.964938,31.261965,Maadi,1509000
151.5,4,3,1,37,29.961651,31.267892,Maadi,1549000
332.0,8,5,15,20,30.05388,31.236737,Downtown,10019000
66.6,3,2,2,25,29.958278,31.260521,Maadi,728000
243.6,6,5,14,0,29.951931,31.25299,Maadi,7762000
124.9,3,3,6,13,30.077267,31.213183,Zamalek,3976000
105.9,2,2,9,3,30.066757,31.211557,Zamalek,4957000
127.9,2,1,15,9,30.053135,31.232934,Downtown,3146000
322.0,8,5,19,9,30.065109,31.217606,Mohandeseen,9920000
143.1,4,4,12,29,30.09822,31.330007,Heliopolis,1912000
275.0,7,5,19,14,30.048841,31.242573,Downtown,8338000
314.2,7,5,1,0,30.074277,31.342068,Nasr City,5293000
389.4,8,5,11,12,30.069492,31.213777,Mohandeseen,10511000
341.2,8,5,3,19,30.080471,31.338681,Heliopolis,6143000
337.8,8,5,11,13,30.063738,31.220841,Zamalek,13357000
84.3,2,1,2,2,30.053777,31.338111,Nasr City,876000
181.1,5,4,7,17,30.052279,31.213138,Mohandeseen,2891000
318.0,7,5,16,2,30.087739,31.33458,Heliopolis,6626000
178.8,5,4,5,9,29.96534,31.26909,Maadi,2985000
218.2,6,5,19,7,30.06339,31.225132,Zamalek,12627000
345.8,8,5,10,16,30.064003,31.213475,Mohandeseen,9737000
228.8,6,5,10,6,30.062642,31.212532,Zamalek,9276000
70.3,2,2,9,40,30.026289,31.431938,New Cairo,566000
398.5,8,5,6,6,30.04916,31.245047,Downtown,13443000
216.0,6,5,17,0,30.003857,31.44961,New Cairo,6348000
83.7,1,1,1,19,29.966951,31.264047,Maadi,1001000
254.9,7,5,14,15,30.04916,31.247294,Downtown,8511000
238.3,5,5,19,14,30.075733,31.342036,Nasr City,3420000
395.4,8,5,14,11,29.996183,30.961419,Sheikh Zayed,7794000
178.9,5,4,4,4,30.070196,31.213509,Zamalek,7886000
131.0,4,3,9,21,30.051952,31.200805,Mohandeseen,2203000
204.6,6,5,12,25,30.05832,31.235957,Downtown,5632000
154.4,5,5,7,1,30.02704,31.454081,New Cairo,2657000
382.6,8,5,17,5,29.965004,31.262671,Maadi,12083000
339.2,8,5,14,3,29.994671,30.983835,Sheikh Zayed,9592000
69.4,1,1,2,20,29.966137,31.260652,Maadi,881000
324.5,8,5,15,3,29.981954,30.982418,Sheikh Zayed,9096000
296.6,8,5,19,15,29.982523,30.934506,Sheikh Zayed,7058000
229.4,7,5,8,15,30.067708,31.213569,Mohandeseen,5315000
208.9,6,5,19,0,30.077559,31.211597,Zamalek,13977000
335.3,8,5,4,27,30.005914,30.929863,Sheikh Zayed,4236000
111.8,2,2,12,1,30.05481,31.206133,Mohandeseen,3025000
327.0,8,5,6,10,30.076953,31.327618,Nasr City,5438000
111.1,3,3,4,17,30.075425,31.22585,Zamalek,3751000
179.6,4,4,3,61,30.089865,31.356293,Heliopolis,1912000
381.1,8,5,3,22,30.012147,31.495098,New Cairo,5990000
300.2,8,5,6,38,30.004751,30.987511,Sheikh Zayed,2990000
123.4,3,2,7,3,30.046807,31.241938,Downtown,3979000
336.9,8,5,3,5,30.050171,31.216672,Mohandeseen,8825000
96.2,2,1,13,61,30.044851,31.242916,Downtown,1383000
206.1,4,3,12,11,30.040581,31.23081,Downtown,6732000
198.4,5,5,16,0,30.096344,31.332484,Heliopolis,5397000
389.5,8,5,14,5,29.994786,30.970663,Sheikh Zayed,9320000
90.0,3,2,7,0,30.105759,31.357583,Heliopolis,1360000
118.1,3,3,18,7,30.076075,31.227727,Zamalek,5707000
178.6,4,3,8,77,30.063364,31.212877,Zamalek,3749000
117.6,3,3,15,6,30.047431,31.233901,Downtown,3795000
400.0,8,5,7,28,30.009791,30.985309,Sheikh Zayed,5155000
166.1,5,5,14,32,30.009801,30.926934,Sheikh Zayed,1960000
86.4,3,3,15,8,30.077626,31.221211,Zamalek,4073000
64.6,1,1,5,7,30.081198,31.355057,Heliopolis,948000
180.9,4,3,19,14,30.059561,31.347087,Nasr City,2266000
211.4,5,4,7,6,29.950449,31.251651,Maadi,5069000
361.0,8,5,17,14,30.058683,31.245143,Downtown,10754000
81.4,2,1,18,3,30.043079,31.248196,Downtown,2349000
130.9,3,2,3,6,30.024791,31.445214,New Cairo,2253000
209.7,5,4,1,15,30.017642,31.422941,New Cairo,2392000
171.9,4,3,16,28,29.990064,30.962035,Sheikh Zayed,2649000
263.9,7,5,3,5,30.003793,31.476081,New Cairo,4588000
210.5,5,5,6,7,30.069168,31.226973,Zamalek,9160000
219.2,6,5,2,6,30.063596,31.205261,Mohandeseen,3829000
380.1,8,5,15,6,30.090059,31.359566,Heliopolis,8456000
115.9,2,1,13,3,30.083355,31.349208,Heliopolis,2344000
260.9,6,5,11,78,30.056383,31.241114,Downtown,4452000
283.7,7,5,1,7,29.979728,31.254678,Maadi,5580000
159.5,4,3,16,3,30.069284,31.211577,Mohandeseen,4311000
192.9,6,5,12,17,30.096078,31.356557,Heliopolis,3344000
365.4,8,5,13,32,30.093931,31.345484,Heliopolis,4406000
343.3,8,5,17,5,30.055764,31.346683,Nasr City,5221000
122.7,3,2,14,18,30.019162,31.453223,New Cairo,1961000
151.1,4,3,10,45,30.07433,31.219851,Zamalek,3030000
134.3,3,2,12,9,30.005083,30.974246,Sheikh Zayed,2942000
235.6,6,5,9,23,30.009906,31.453563,New Cairo,3324000
128.9,4,4,2,10,29.97627,31.253257,Maadi,1954000
87.6,3,3,15,21,30.048103,31.24745,Downtown,1945000
164.5,4,3,7,5,30.040973,31.243513,Downtown,4783000
186.3,5,5,7,27,30.104206,31.348744,Heliopolis,2196000
129.2,4,3,12,0,30.060818,31.211473,Mohandeseen,3106000
287.3,7,5,17,7,30.00423,30.997318,Sheikh Zayed,7910000
164.5,4,3,16,1,30.10871,31.353792,Heliopolis,4285000
268.6,6,5,2,4,30.007466,30.988201,Sheikh Zayed,5443000
241.9,6,5,9,16,30.070829,31.210369,Zamalek,11957000
237.9,5,4,14,8,30.090122,31.349678,Heliopolis,5171000
207.5,5,5,19,1,29.979742,31.257324,Maadi,5966000
227.2,6,5,15,2,30.054225,31.35308,Nasr City,4118000
254.0,7,5,5,57,29.995227,30.964181,Sheikh Zayed,3334000
127.8,2,2,5,30,30.059442,31.210284,Mohandeseen,1641000
284.1,8,5,4,48,30.029069,31.462564,New Cairo,3249000
257.2,6,5,12,20,30.050763,31.231747,Downtown,6632000
302.9,7,5,11,11,29.98676,30.997943,Sheikh Zayed,6750000
198.2,5,5,5,24,30.10821,31.334218,Heliopolis,2761000
270.2,6,5,16,16,30.06196,31.212545,Zamalek,10355000
141.3,4,4,12,8,30.057255,31.200339,Mohandeseen,2545000
337.6,8,5,4,3,30.014466,31.448487,New Cairo,7017000
274.3,7,5,2,10,30.074312,31.337108,Nasr City,3388000
376.4,8,5,16,32,29.969967,31.26942,Maadi,7324000
257.0,7,5,13,5,30.05431,31.211874,Mohandeseen,7637000
314.8,7,5,19,29,30.095121,31.350504,Heliopolis,5008000
353.2,8,5,13,1,30.053804,31.244639,Downtown,14423000
167.5,5,5,8,11,30.055007,31.202286,Mohandeseen,3612000
323.2,8,5,10,17,30.050684,31.216377,Mohandeseen,7831000
380.1,8,5,7,1,30.058933,31.248411,Downtown,11646000
252.0,5,4,1,33,30.043763,31.236624,Downtown,4386000
203.9,4,4,4,3,30.099553,31.330878,Heliopolis,3102000
213.9,5,4,14,4,30.070878,31.224791,Zamalek,8407000
143.7,4,3,13,16,30.061778,31.211526,Mohandeseen,3583000
241.9,6,5,14,4,30.054584,31.204997,Mohandeseen,9003000
250.8,6,5,3,43,30.075467,31.226778,Zamalek,6283000
181.1,4,4,15,45,29.978757,31.271745,Maadi,2978000
162.2,4,4,4,22,30.056649,31.211827,Mohandeseen,2646000
173.1,4,3,12,7,30.095096,31.353062,Heliopolis,4163000
353.3,8,5,1,32,30.065112,31.214578,Mohandeseen,4550000
74.4,2,2,12,3,30.07086,31.349644,Nasr City,955000
233.7,6,5,12,2,30.056321,31.217772,Mohandeseen,5733000
350.6,8,5,11,3,30.096406,31.359915,Heliopolis,8411000
292.2,7,5,13,3,30.078415,31.218836,Zamalek,15535000
134.6,3,3,1,3,30.051351,31.203429,Mohandeseen,2746000
70.9,2,2,11,15,30.027151,31.469798,New Cairo,1047000
342.9,8,5,18,1,30.106436,31.339126,Heliopolis,9939000
371.6,8,5,3,19,29.970488,31.277102,Maadi,8297000
190.5,5,5,9,8,30.06604,31.320808,Nasr City,2868000
294.4,6,5,1,16,30.072979,31.338153,Nasr City,2886000
323.8,7,5,3,9,30.022316,31.414004,New Cairo,4802000
64.4,1,1,5,4,30.042,31.243838,Downtown,1722000
296.6,7,5,1,7,29.995092,30.926185,Sheikh Zayed,4702000
237.8,5,4,18,1,30.067859,31.223399,Zamalek,14894000
354.9,8,5,18,12,30.053775,31.337889,Nasr City,7622000
277.4,7,5,15,41,30.069113,31.217132,Mohandeseen,5207000
69.1,2,2,13,3,30.06121,31.217324,Mohandeseen,2009000
211.6,4,4,3,9,30.057849,31.356864,Nasr City,2042000
288.0,8,5,9,13,30.067071,31.321427,Nasr City,5517000
135.9,4,3,3,3,30.101354,31.352271,Heliopolis,2666000
394.9,8,5,19,22,30.042207,31.23055,Downtown,10523000
328.6,7,5,17,38,29.952442,31.270653,Maadi,4404000
301.4,8,5,5,18,30.057016,31.249088,Downtown,7885000
206.3,5,5,13,8,30.060584,31.208987,Mohandeseen,4327000
102.7,3,3,13,7,30.077383,31.217739,Zamalek,4971000
383.5,8,5,16,21,30.096878,31.346788,Heliopolis,7589000
119.8,4,3,9,3,30.041755,31.233115,Downtown,4053000
392.9,8,5,11,4,29.957456,31.261361,Maadi,11732000
251.4,6,5,8,15,30.065655,31.337363,Nasr City,3234000
269.2,8,5,3,11,29.983592,30.994739,Sheikh Zayed,4129000
351.7,8,5,14,11,30.025821,31.409761,New Cairo,6870000
277.3,7,5,7,9,30.009093,30.935727,Sheikh Zayed,4517000
178.6,5,5,3,11,30.066603,31.335561,Nasr City,2130000
221.0,6,5,7,3,30.07424,31.330433,Nasr City,3846000
183.2,4,4,6,13,30.046339,31.242212,Downtown,4571000
121.5,4,4,4,16,30.066645,31.211476,Mohandeseen,2232000
378.4,8,5,14,14,30.064677,31.211598,Zamalek,20138000
325.5,8,5,4,6,30.059275,31.248723,Downtown,9507000
187.6,4,4,14,20,30.063923,31.217814,Mohandeseen,4150000
364.1,8,5,4,34,30.006556,31.46255,New Cairo,3621000
342.8,8,5,9,7,30.063077,31.201522,Mohandeseen,10173000
174.0,4,4,16,3,30.096122,31.338369,Heliopolis,4181000
345.0,8,5,14,21,30.017583,31.478274,New Cairo,5728000
66.8,2,1,9,4,30.060071,31.345555,Nasr City,926000
259.3,7,5,2,27,29.980994,30.94147,Sheikh Zayed,2898000
174.6,3,2,10,19,30.105014,31.341851,Heliopolis,2655000
391.2,8,5,1,1,30.10009,31.334134,Heliopolis,7146000
195.4,5,4,4,2,30.051648,31.216862,Mohandeseen,4801000
150.0,4,4,14,22,30.054427,31.338942,Nasr City,1560000
73.8,2,1,19,19,30.004899,30.936041,Sheikh Zayed,1291000
300.5,8,5,16,13,30.05805,31.246583,Downtown,12181000
340.8,8,5,18,37,30.04855,31.237301,Downtown,6276000
327.1,8,5,3,2,30.105344,31.335873,Heliopolis,7395000
350.8,8,5,7,1,30.050998,31.211117,Mohandeseen,10333000
295.3,8,5,15,7,30.064485,31.334227,Nasr City,6118000
211.4,4,3,2,2,30.061532,31.22328,Zamalek,7103000
157.1,4,4,6,13,30.074494,31.218906,Zamalek,5487000
342.0,8,5,3,8,30.010767,31.45662,New Cairo,5304000
227.6,6,5,6,33,30.064625,31.213793,Zamalek,5407000
117.6,4,4,12,5,30.024844,31.463853,New Cairo,2225000
184.5,5,4,5,0,30.065521,31.212274,Mohandeseen,4676000
360.0,8,5,13,3,30.072121,31.214232,Zamalek,17882000
92.1,2,1,10,3,30.046609,31.240764,Downtown,2664000
124.8,3,2,13,24,29.992228,30.922116,Sheikh Zayed,1858000
204.9,6,5,19,13,30.006582,30.949179,Sheikh Zayed,3727000
222.8,5,4,15,19,30.059303,31.20173,Mohandeseen,5148000
158.1,5,5,18,71,30.104491,31.351239,Heliopolis,1936000
301.3,8,5,6,1,30.073117,31.228225,Zamalek,16398000
129.8,3,2,4,11,30.007599,30.999344,Sheikh Zayed,2203000
76.5,2,2,1,16,30.069309,31.329749,Nasr City,619000
142.4,3,3,13,21,30.078776,31.218547,Zamalek,4427000
364.9,8,5,13,11,30.044388,31.245961,Downtown,14774000
375.8,8,5,4,3,30.078631,31.349527,Nasr City,5844000
358.6,8,5,1,1,30.094468,31.331488,Heliopolis,8108000
315.4,8,5,1,3,30.016527,31.411074,New Cairo,5324000
85.8,1,1,2,14,30.101251,31.349812,Heliopolis,1047000
204.6,4,4,1,12,30.073134,31.219247,Zamalek,6436000
332.4,8,5,8,22,30.100576,31.350429,Heliopolis,5813000
395.7,8,5,18,12,30.069947,31.219609,Mohandeseen,8405000
400.0,8,5,4,39,30.059805,31.21684,Mohandeseen,6893000
170.1,4,4,19,32,30.083255,31.342851,Heliopolis,2396000
126.1,4,3,4,15,29.984967,30.952393,Sheikh Zayed,1851000
216.6,5,5,18,8,30.060812,31.211546,Mohandeseen,7150000
108.7,2,2,1,22,29.987201,30.978328,Sheikh Zayed,1362000
74.3,3,2,1,7,29.959033,31.253289,Maadi,918000
357.0,8,5,2,14,30.093867,31.35807,Heliopolis,6329000
292.9,7,5,9,36,30.024393,31.430511,New Cairo,3550000
61.1,1,1,11,21,30.002843,30.983118,Sheikh Zayed,792000
114.5,2,1,3,11,29.973531,31.258077,Maadi,1538000
236.9,7,5,9,10,30.100926,31.332185,Heliopolis,5630000
69.7,1,1,1,44,30.062184,31.21923,Zamalek,1234000
66.7,2,1,10,20,30.012052,31.407091,New Cairo,1096000
359.5,8,5,9,4,30.055109,31.241491,Downtown,12779000
326.7,8,5,10,10,30.067263,31.215142,Zamalek,14153000
315.2,8,5,14,18,30.078356,31.223335,Zamalek,15832000
344.5,8,5,17,9,30.004776,30.945047,Sheikh Zayed,8152000
387.3,8,5,4,9,29.976646,31.270834,Maadi,9294000
81.8,1,1,14,14,30.052316,31.241015,Downtown,1889000
88.4,3,2,1,18,30.027326,31.434697,New Cairo,1008000
71.3,3,2,16,17,30.055057,31.20784,Mohandeseen,1412000
305.3,7,5,16,6,30.069186,31.215972,Mohandeseen,7626000
294.9,7,5,2,31,29.953954,31.253667,Maadi,3606000
270.5,7,5,11,8,29.983359,30.931284,Sheikh Zayed,5517000
177.1,5,4,17,19,30.07422,31.217639,Zamalek,6594000
82.1,1,1,2,15,30.057234,31.232642,Downtown,1664000
250.7,6,5,4,19,30.088972,31.343571,Heliopolis,4183000
294.2,8,5,17,10,30.108243,31.356756,Heliopolis,8028000
265.4,6,5,3,19,30.06547,31.202996,Mohandeseen,4899000
249.2,6,5,7,4,30.068014,31.212775,Zamalek,10747000
68.2,2,1,19,63,29.997643,30.940523,Sheikh Zayed,692000
122.0,4,3,7,0,30.001421,31.490724,New Cairo,2262000
241.9,6,5,10,2,30.05029,31.322933,Nasr City,4572000
361.0,8,5,1,2,30.002503,30.936356,Sheikh Zayed,6474000
115.6,3,3,14,13,30.064586,31.349551,Nasr City,1741000
195.2,5,4,9,2,30.009455,30.94958,Sheikh Zayed,4020000
104.4,3,2,7,3,29.987388,30.994641,Sheikh Zayed,2446000
70.0,1,1,6,5,30.000806,31.444431,New Cairo,1065000
362.6,8,5,6,11,30.058882,31.33151,Nasr City,4754000
352.9,8,5,13,0,30.046538,31.247767,Downtown,14329000
391.0,8,5,9,18,30.054844,31.243761,Downtown,10476000
260.4,6,5,18,11,29.987126,30.97433,Sheikh Zayed,6740000
118.8,2,2,1,3,30.068917,31.201683,Mohandeseen,2301000
224.7,6,5,13,23,30.097215,31.337959,Heliopolis,3255000
150.0,3,2,2,13,30.057743,31.200687,Mohandeseen,3082000
298.2,8,5,5,27,30.005329,31.415917,New Cairo,4198000
385.2,8,5,7,5,30.054884,31.24064,Downtown,13780000
85.1,2,1,10,1,29.968935,31.26705,Maadi,1875000
61.5,1,1,2,0,30.029236,31.422207,New Cairo,962000
87.6,3,2,1,14,30.073473,31.215833,Zamalek,1879000
395.7,8,5,13,51,30.049791,31.243928,Downtown,7013000
254.2,5,5,18,16,30.073051,31.213269,Zamalek,9492000
131.5,4,3,4,20,30.070961,31.217637,Zamalek,3448000
191.7,4,4,2,2,30.06124,31.203153,Mohandeseen,4700000
252.8,7,5,6,6,29.977018,31.251535,Maadi,5050000
319.0,8,5,10,6,30.05641,31.237522,Downtown,13750000
85.2,2,2,12,0,30.065355,31.221438,Zamalek,2836000
271.0,8,5,6,8,30.078067,31.217255,Zamalek,11064000
356.1,8,5,10,25,30.077379,31.220833,Zamalek,11507000
359.1,8,5,3,28,30.072909,31.210895,Zamalek,9620000
285.7,7,5,10,0,29.984756,30.951837,Sheikh Zayed,6882000
80.8,2,1,13,6,30.055942,31.204681,Mohandeseen,1966000
368.1,8,5,4,12,30.066104,31.348717,Nasr City,5658000
210.1,6,5,17,35,30.061139,31.214114,Zamalek,4042000
110.5,3,3,13,7,30.056947,31.20889,Mohandeseen,2338000
222.8,5,4,9,2,30.06071,31.219327,Mohandeseen,5610000
161.2,4,4,19,0,29.99298,30.982232,Sheikh Zayed,3729000
